learner_record_id,region,department,role_family,experience_band,training_mode,prior_python_score,course_minutes,manager_support_score,support_tickets_last_30d,engagement_score,completion_days,assessment_score,satisfaction_score,productivity_gain_estimate_pct,completed_training
EDA-0001,Wales,HR,Administrator,6-10 years,Blended,39.4,389.0,3,1,74.2,20.0,79.4,4.7,11.5,1
EDA-0002,Scotland,Customer Support,Developer,3-5 years,Self-paced,47.7,256.0,3,1,83.2,11.0,84.9,4.5,11.1,1
EDA-0003,Yorkshire,Customer Support,Developer,0-2 years,Instructor-led,51.1,397.0,4,0,100.0,22.0,91.7,5.0,12.3,1
EDA-0004,South East,HR,Advisor,10+ years,Instructor-led,49.9,272.0,3,0,86.7,14.0,81.9,4.1,9.8,1
EDA-0005,North West,Finance,Administrator,0-2 years,Blended,40.7,379.0,5,1,89.9,13.0,95.9,4.8,13.1,1
EDA-0006,West Midlands,Operations,Administrator,6-10 years,Blended,72.1,434.0,3,1,98.8,9.0,100.0,5.0,12.7,1
EDA-0007,North West,Customer Support,Advisor,0-2 years,Self-paced,41.3,257.0,5,4,83.2,30.0,73.4,4.7,14.8,1
EDA-0008,Yorkshire,Sales,Coordinator,3-5 years,Instructor-led,50.0,344.0,3,2,70.5,13.0,90.7,4.4,8.3,1
EDA-0009,London,Finance,Administrator,3-5 years,Instructor-led,51.7,392.0,2,2,81.7,26.0,86.0,4.0,14.7,1
EDA-0010,London,Customer Support,Analyst,0-2 years,Self-paced,78.7,341.0,4,0,78.0,5.0,93.2,4.4,13.8,1
EDA-0011,South East,HR,Analyst,6-10 years,Blended,58.5,326.0,4,0,67.5,16.0,93.6,4.8,14.9,1
EDA-0012,Scotland,Sales,Coordinator,6-10 years,Blended,36.9,409.0,1,0,80.2,21.0,64.1,5.0,12.8,1
EDA-0013,London,Sales,Coordinator,6-10 years,Self-paced,71.4,352.0,4,1,65.6,12.0,94.3,4.5,12.8,1
EDA-0014,London,IT,Advisor,3-5 years,Self-paced,79.7,432.0,1,2,66.8,26.0,85.9,3.9,11.8,1
EDA-0015,Scotland,IT,Analyst,3-5 years,Self-paced,44.6,241.0,3,1,62.2,29.0,68.4,3.8,11.8,1
EDA-0016,South East,HR,Administrator,6-10 years,Self-paced,85.2,265.0,1,1,69.9,11.0,100.0,3.5,14.7,1
EDA-0017,West Midlands,Product,Manager,3-5 years,Blended,21.1,403.0,4,2,79.3,23.0,88.9,4.4,9.4,1
EDA-0018,South East,Sales,Advisor,0-2 years,Self-paced,21.2,381.0,1,2,53.9,25.0,67.3,4.9,10.5,1
EDA-0019,North West,Sales,Developer,0-2 years,Instructor-led,49.2,316.0,2,0,80.4,20.0,76.3,3.5,10.1,1
EDA-0020,North West,Operations,Manager,6-10 years,Instructor-led,63.9,450.0,5,3,100.0,24.0,100.0,5.0,12.9,1
EDA-0021,London,IT,Analyst,0-2 years,Instructor-led,40.0,313.0,3,0,59.5,23.0,65.2,5.0,7.8,1
EDA-0022,South East,Customer Support,Advisor,10+ years,Self-paced,41.0,283.0,5,1,81.9,29.0,98.8,4.8,14.3,1
EDA-0023,Yorkshire,IT,Coordinator,3-5 years,Instructor-led,74.5,455.0,2,1,40.5,18.0,72.3,3.5,11.5,1
EDA-0024,Scotland,IT,Administrator,0-2 years,Instructor-led,52.9,387.0,3,0,68.3,27.0,84.8,4.6,12.0,1
EDA-0025,South East,Customer Support,Analyst,6-10 years,Blended,74.6,409.0,5,2,65.6,29.0,85.3,4.7,13.4,1
EDA-0026,Wales,Sales,Developer,3-5 years,Blended,40.9,444.0,2,1,69.2,21.0,83.3,4.6,11.4,1
EDA-0027,West Midlands,IT,Analyst,6-10 years,Instructor-led,53.1,437.0,4,0,82.1,4.0,95.6,4.0,13.6,1
EDA-0028,Scotland,HR,Advisor,0-2 years,Blended,86.9,368.0,5,1,100.0,16.0,97.9,5.0,10.8,1
EDA-0029,North West,Product,Analyst,3-5 years,Blended,27.9,345.0,1,8,41.2,36.0,53.9,3.2,11.6,1
EDA-0030,Yorkshire,HR,Manager,3-5 years,Instructor-led,81.2,374.0,4,1,92.7,18.0,100.0,3.8,11.6,1
EDA-0031,North West,IT,Administrator,6-10 years,Blended,55.9,433.0,4,1,90.3,30.0,95.3,5.0,17.2,1
EDA-0032,South East,Sales,Analyst,3-5 years,Instructor-led,58.9,406.0,3,1,75.6,16.0,82.3,4.0,12.8,1
EDA-0033,North West,Product,Administrator,0-2 years,Blended,46.0,354.0,2,0,74.7,11.0,73.5,3.9,10.5,1
EDA-0034,London,Sales,Coordinator,10+ years,Self-paced,55.7,362.0,4,0,76.6,12.0,74.8,5.0,10.9,1
EDA-0035,Wales,Customer Support,Manager,3-5 years,Self-paced,64.8,338.0,3,1,94.3,3.0,81.5,4.6,10.1,1
EDA-0036,London,Operations,Advisor,6-10 years,Instructor-led,36.6,353.0,1,3,77.8,21.0,64.2,4.9,6.7,1
EDA-0037,Wales,HR,Coordinator,3-5 years,Instructor-led,43.9,331.0,2,1,40.0,23.0,72.4,3.6,5.8,0
EDA-0038,North West,Finance,Coordinator,6-10 years,Blended,67.8,323.0,4,0,94.5,10.0,76.9,4.4,11.8,1
EDA-0039,West Midlands,IT,Advisor,10+ years,Instructor-led,70.0,284.0,3,1,59.2,19.0,77.3,4.4,16.8,1
EDA-0040,Yorkshire,Sales,Analyst,6-10 years,Blended,44.7,448.0,5,0,92.3,19.0,86.6,5.0,13.8,1
EDA-0041,North West,Sales,Advisor,3-5 years,Self-paced,67.6,337.0,3,2,80.6,23.0,91.5,5.0,7.9,1
EDA-0042,South East,Customer Support,Coordinator,3-5 years,Self-paced,71.9,178.0,3,2,91.2,21.0,98.2,5.0,12.7,0
EDA-0043,Wales,Sales,Advisor,0-2 years,Blended,66.2,370.0,3,1,53.1,24.0,100.0,3.6,10.4,1
EDA-0044,Wales,Customer Support,Manager,6-10 years,Self-paced,98.0,469.0,4,2,86.2,17.0,83.9,5.0,8.7,1
EDA-0045,South East,Operations,Analyst,6-10 years,Self-paced,40.1,301.0,5,1,100.0,21.0,81.7,5.0,11.0,1
EDA-0046,Yorkshire,Finance,Analyst,3-5 years,Self-paced,46.6,331.0,3,1,59.7,22.0,87.9,4.2,6.3,0
EDA-0047,Yorkshire,Product,Manager,10+ years,Instructor-led,47.5,372.0,5,0,75.7,14.0,79.0,5.0,12.4,1
EDA-0048,London,Product,Analyst,10+ years,Instructor-led,29.8,259.0,3,1,77.8,26.0,72.4,4.4,6.2,1
EDA-0049,North West,HR,Manager,6-10 years,Self-paced,96.3,482.0,3,0,73.7,18.0,89.4,4.6,13.2,1
EDA-0050,London,Customer Support,Developer,10+ years,Blended,50.0,489.0,3,0,55.9,35.0,78.9,4.7,3.6,0
EDA-0051,South East,Customer Support,Administrator,6-10 years,Self-paced,59.0,327.0,3,1,83.1,17.0,87.6,4.1,9.1,1
EDA-0052,Yorkshire,HR,Developer,3-5 years,Blended,41.1,359.0,5,0,100.0,15.0,80.2,5.0,13.1,1
EDA-0053,London,Customer Support,Coordinator,6-10 years,Blended,31.9,358.0,4,1,89.6,22.0,89.2,5.0,12.4,1
EDA-0054,Wales,Operations,Analyst,6-10 years,Instructor-led,78.1,345.0,4,0,73.1,13.0,100.0,5.0,13.7,1
EDA-0055,West Midlands,Sales,Manager,6-10 years,Self-paced,58.2,261.0,2,1,86.1,14.0,88.2,3.7,12.7,1
EDA-0056,London,Sales,Manager,3-5 years,Self-paced,58.1,272.0,3,1,77.5,17.0,85.4,4.8,11.1,1
EDA-0057,South East,IT,Analyst,6-10 years,Self-paced,65.8,382.0,3,1,60.2,17.0,91.1,4.4,13.5,1
EDA-0058,West Midlands,IT,Analyst,6-10 years,Blended,73.4,420.0,4,0,89.5,7.0,100.0,4.8,12.3,1
EDA-0059,South East,Finance,Administrator,3-5 years,Blended,55.5,419.0,3,1,63.1,23.0,69.9,5.0,10.5,1
EDA-0060,Wales,Customer Support,Coordinator,6-10 years,Self-paced,47.5,314.0,2,0,82.7,19.0,90.3,4.4,15.0,1
EDA-0061,Scotland,IT,Analyst,3-5 years,Blended,81.9,414.0,2,0,59.9,12.0,76.3,3.8,6.4,1
EDA-0062,Scotland,IT,Administrator,6-10 years,Blended,34.5,381.0,5,2,80.1,27.0,94.6,4.2,13.3,1
EDA-0063,London,Finance,Manager,3-5 years,Blended,79.1,408.0,4,0,81.4,20.0,95.3,4.2,10.9,1
EDA-0064,North West,Product,Administrator,10+ years,Self-paced,57.8,345.0,3,0,91.0,5.0,76.2,5.0,9.1,1
EDA-0065,Scotland,Operations,Advisor,10+ years,Blended,70.4,437.0,3,1,84.9,23.0,98.2,4.9,12.0,1
EDA-0066,Wales,HR,Analyst,0-2 years,Blended,50.4,350.0,5,2,97.1,20.0,86.8,5.0,14.7,1
EDA-0067,North West,Operations,Analyst,0-2 years,Instructor-led,51.2,384.0,3,0,92.2,13.0,75.3,4.9,9.9,1
EDA-0068,Scotland,Sales,Administrator,6-10 years,Self-paced,63.4,301.0,1,0,88.2,15.0,100.0,5.0,15.9,1
EDA-0069,London,Operations,Coordinator,6-10 years,Self-paced,53.1,224.0,5,0,91.1,22.0,85.5,5.0,11.0,1
EDA-0070,North West,Operations,Analyst,0-2 years,Blended,67.4,459.0,4,2,86.9,12.0,78.1,5.0,13.8,1
EDA-0071,Scotland,Sales,Manager,3-5 years,Blended,60.8,453.0,4,3,97.0,25.0,78.3,5.0,10.2,1
EDA-0072,London,Finance,Developer,6-10 years,Self-paced,85.6,397.0,3,0,70.2,14.0,68.9,3.7,12.6,1
EDA-0073,West Midlands,Sales,Analyst,3-5 years,Self-paced,50.5,274.0,5,0,100.0,14.0,96.4,5.0,13.8,1
EDA-0074,Wales,Operations,Coordinator,0-2 years,Self-paced,20.3,199.0,3,2,70.6,31.0,78.0,4.5,9.9,1
EDA-0075,South East,Product,Developer,3-5 years,Blended,56.9,480.0,4,1,100.0,19.0,84.1,5.0,9.8,1
EDA-0076,Yorkshire,Sales,Administrator,0-2 years,Self-paced,46.0,210.0,3,1,90.4,9.0,78.4,4.2,10.6,1
EDA-0077,Wales,Finance,Manager,3-5 years,Blended,34.2,296.0,5,0,96.7,21.0,100.0,5.0,9.7,1
EDA-0078,West Midlands,IT,Advisor,6-10 years,Self-paced,45.3,384.0,2,2,77.3,25.0,73.5,3.5,7.1,0
EDA-0079,Yorkshire,Customer Support,Analyst,0-2 years,Blended,32.5,459.0,3,1,100.0,30.0,68.3,4.9,10.5,1
EDA-0080,Wales,HR,Manager,0-2 years,Blended,71.9,579.0,5,0,78.9,5.0,79.4,4.3,15.0,1
EDA-0081,Scotland,Sales,Developer,6-10 years,Blended,46.2,408.0,5,0,79.2,18.0,87.6,4.7,11.6,1
EDA-0082,West Midlands,IT,Manager,10+ years,Self-paced,13.3,156.0,3,2,80.0,22.0,70.9,4.4,10.0,1
EDA-0083,West Midlands,Operations,Advisor,3-5 years,Blended,53.3,412.0,2,3,77.4,26.0,81.5,4.9,8.9,1
EDA-0084,Yorkshire,IT,Analyst,10+ years,Blended,47.5,385.0,3,0,84.5,25.0,89.4,4.9,13.8,1
EDA-0085,Yorkshire,Product,Administrator,3-5 years,Blended,71.7,349.0,3,1,55.8,26.0,100.0,4.8,12.0,1
EDA-0086,West Midlands,IT,Coordinator,3-5 years,Instructor-led,54.4,439.0,3,1,72.1,9.0,67.2,5.0,6.5,1
EDA-0087,Yorkshire,IT,Coordinator,6-10 years,Blended,77.4,449.0,3,1,81.6,22.0,78.6,4.5,10.3,1
EDA-0088,Wales,IT,Developer,10+ years,Blended,47.7,567.0,1,4,73.7,25.0,75.7,4.5,8.9,1
EDA-0089,Scotland,Product,Developer,6-10 years,Self-paced,63.1,168.0,2,0,75.0,34.0,95.3,4.8,11.0,1
EDA-0090,London,Product,Manager,3-5 years,Self-paced,36.6,329.0,4,2,85.5,12.0,77.4,5.0,10.9,1
EDA-0091,West Midlands,Customer Support,Advisor,6-10 years,Instructor-led,28.9,362.0,3,3,62.4,33.0,84.0,3.9,12.4,1
EDA-0092,Yorkshire,IT,Advisor,0-2 years,Self-paced,45.9,224.0,3,0,69.5,11.0,79.7,4.2,13.1,1
EDA-0093,South East,Product,Administrator,3-5 years,Instructor-led,75.9,322.0,5,1,84.9,26.0,94.9,4.8,14.4,1
EDA-0094,South East,Finance,Coordinator,10+ years,Instructor-led,39.3,356.0,3,0,82.6,21.0,87.4,5.0,9.3,1
EDA-0095,Yorkshire,Finance,Analyst,3-5 years,Instructor-led,50.1,344.0,3,1,76.7,6.0,75.8,5.0,8.6,0
EDA-0096,Scotland,Customer Support,Manager,3-5 years,Instructor-led,78.8,547.0,4,1,90.2,13.0,89.9,4.8,14.7,1
EDA-0097,North West,Operations,Manager,6-10 years,Blended,57.1,465.0,3,1,73.8,26.0,74.9,4.8,7.6,1
EDA-0098,Scotland,Operations,Developer,3-5 years,Self-paced,55.6,246.0,4,0,82.3,26.0,98.0,4.9,16.4,1
EDA-0099,Wales,Product,Analyst,0-2 years,Instructor-led,41.9,324.0,4,2,71.2,13.0,82.4,4.1,14.1,1
EDA-0100,Wales,Customer Support,Administrator,3-5 years,Self-paced,66.5,355.0,4,0,93.1,11.0,69.2,5.0,12.2,1
EDA-0101,Wales,Finance,Manager,10+ years,Self-paced,38.1,284.0,3,2,59.7,21.0,82.8,3.7,8.5,1
EDA-0102,Wales,Customer Support,Manager,10+ years,Blended,27.6,340.0,4,1,98.5,17.0,89.7,5.0,15.3,1
EDA-0103,Yorkshire,IT,Analyst,3-5 years,Self-paced,62.8,271.0,3,1,78.8,16.0,77.6,5.0,14.1,1
EDA-0104,Scotland,IT,Administrator,0-2 years,Self-paced,43.8,370.0,3,0,86.6,24.0,75.8,4.2,14.7,1
EDA-0105,West Midlands,Operations,Developer,6-10 years,Blended,45.1,407.0,5,1,92.7,18.0,100.0,5.0,11.5,1
EDA-0106,South East,HR,Analyst,3-5 years,Self-paced,61.1,447.0,5,0,76.8,12.0,87.0,5.0,14.6,1
EDA-0107,Yorkshire,Sales,Analyst,6-10 years,Self-paced,33.9,320.0,5,2,84.2,16.0,73.3,5.0,10.7,1
EDA-0108,Scotland,IT,Administrator,3-5 years,Blended,60.3,395.0,3,3,64.7,30.0,80.1,3.6,11.0,1
EDA-0109,Scotland,Sales,Advisor,3-5 years,Blended,59.2,408.0,4,0,97.1,19.0,100.0,5.0,16.9,1
EDA-0110,South East,Sales,Coordinator,0-2 years,Blended,98.0,521.0,4,1,95.6,19.0,70.3,5.0,9.2,1
EDA-0111,West Midlands,Sales,Administrator,6-10 years,Self-paced,47.9,221.0,3,3,80.8,16.0,78.1,4.2,10.7,1
EDA-0112,Yorkshire,HR,Coordinator,6-10 years,Self-paced,56.1,343.0,3,1,70.1,13.0,88.1,4.2,11.6,1
EDA-0113,London,Sales,Developer,0-2 years,Self-paced,53.9,452.0,2,5,66.3,30.0,76.5,3.5,14.8,1
EDA-0114,North West,Product,Advisor,10+ years,Self-paced,67.5,283.0,3,1,60.4,20.0,85.1,4.0,8.6,0
EDA-0115,London,Product,Developer,0-2 years,Blended,38.0,415.0,4,2,82.8,18.0,71.6,4.4,9.5,1
EDA-0116,South East,Sales,Analyst,0-2 years,Blended,39.3,363.0,1,1,67.8,5.0,79.6,4.5,10.0,1
EDA-0117,Scotland,IT,Advisor,3-5 years,Self-paced,70.0,264.0,5,0,76.7,18.0,80.0,5.0,5.1,0
EDA-0118,South East,Operations,Advisor,3-5 years,Self-paced,74.8,343.0,3,0,91.8,20.0,98.7,5.0,11.8,1
EDA-0119,West Midlands,Operations,Manager,0-2 years,Instructor-led,47.4,498.0,3,2,90.8,20.0,75.9,4.9,9.8,1
EDA-0120,Yorkshire,Operations,Developer,3-5 years,Blended,41.4,421.0,5,1,89.0,18.0,85.0,5.0,10.9,1
EDA-0121,Scotland,Customer Support,Administrator,6-10 years,Self-paced,47.8,372.0,4,1,60.0,19.0,81.8,5.0,11.0,1
EDA-0122,South East,Product,Manager,6-10 years,Instructor-led,76.8,427.0,3,1,62.6,35.0,86.8,4.3,11.2,1
EDA-0123,Wales,Sales,Developer,10+ years,Blended,40.4,473.0,5,1,80.9,24.0,75.5,5.0,10.9,1
EDA-0124,North West,HR,Advisor,3-5 years,Self-paced,64.5,335.0,3,0,86.8,18.0,89.5,4.1,12.4,1
EDA-0125,London,Operations,Advisor,10+ years,Instructor-led,41.7,400.0,4,1,91.5,20.0,79.5,5.0,10.7,1
EDA-0126,Scotland,HR,Coordinator,3-5 years,Blended,60.1,389.0,4,1,95.3,11.0,83.7,5.0,12.5,1
EDA-0127,North West,Sales,Developer,3-5 years,Blended,59.6,464.0,3,0,61.5,3.0,82.8,5.0,10.4,1
EDA-0128,South East,Sales,Coordinator,10+ years,Self-paced,53.5,338.0,4,1,78.9,24.0,79.6,5.0,11.0,1
EDA-0129,Wales,IT,Developer,3-5 years,Self-paced,54.7,286.0,3,1,88.6,13.0,88.6,5.0,11.8,1
EDA-0130,West Midlands,Sales,Developer,10+ years,Instructor-led,52.1,377.0,1,2,75.9,29.0,80.1,4.3,13.0,1
EDA-0131,Scotland,Customer Support,Coordinator,6-10 years,Instructor-led,70.1,409.0,3,2,61.8,25.0,73.0,4.3,16.1,1
EDA-0132,South East,Product,Administrator,3-5 years,Blended,52.0,372.0,3,1,82.3,17.0,64.0,5.0,7.7,1
EDA-0133,Wales,Finance,Advisor,0-2 years,Self-paced,49.7,251.0,4,1,86.5,16.0,78.0,5.0,11.0,1
EDA-0134,London,Customer Support,Advisor,0-2 years,Blended,41.5,449.0,2,3,69.0,31.0,61.3,4.7,4.2,0
EDA-0135,London,Sales,Administrator,6-10 years,Self-paced,48.6,336.0,4,2,93.6,35.0,82.9,5.0,10.9,1
EDA-0136,South East,IT,Manager,6-10 years,Blended,80.6,373.0,2,0,76.1,21.0,78.8,4.7,14.9,1
EDA-0137,South East,Product,Analyst,6-10 years,Blended,40.8,392.0,3,2,94.0,20.0,79.1,4.6,9.7,1
EDA-0138,West Midlands,Customer Support,Manager,3-5 years,Instructor-led,52.1,312.0,3,1,50.1,15.0,74.9,4.4,5.7,1
EDA-0139,Yorkshire,Operations,Developer,6-10 years,Self-paced,52.4,331.0,3,1,91.3,16.0,76.9,5.0,14.1,1
EDA-0140,West Midlands,IT,Analyst,0-2 years,Self-paced,56.9,310.0,2,0,77.0,6.0,69.0,4.1,9.4,1
EDA-0141,South East,Operations,Advisor,3-5 years,Self-paced,10.4,173.0,5,1,75.1,19.0,97.2,4.0,14.8,1
EDA-0142,South East,HR,Advisor,0-2 years,Self-paced,46.7,214.0,5,1,77.6,9.0,86.4,5.0,10.6,1
EDA-0143,London,Customer Support,Administrator,6-10 years,Blended,88.3,529.0,2,0,75.6,14.0,76.9,4.7,8.0,0
EDA-0144,Scotland,Customer Support,Coordinator,6-10 years,Self-paced,63.0,333.0,3,2,69.9,24.0,81.2,5.0,11.5,1
EDA-0145,West Midlands,HR,Administrator,6-10 years,Self-paced,59.1,154.0,3,3,78.3,28.0,85.9,4.6,14.5,1
EDA-0146,North West,Product,Coordinator,0-2 years,Self-paced,51.5,359.0,5,0,99.5,15.0,100.0,5.0,16.5,1
EDA-0147,North West,HR,Coordinator,0-2 years,Blended,45.9,461.0,1,3,73.6,31.0,82.6,4.5,5.6,0
EDA-0148,West Midlands,Customer Support,Coordinator,3-5 years,Instructor-led,58.6,368.0,2,2,61.4,21.0,81.8,3.8,10.7,1
EDA-0149,West Midlands,Sales,Developer,6-10 years,Self-paced,36.3,325.0,5,1,82.4,11.0,82.9,5.0,9.1,1
EDA-0150,North West,Operations,Advisor,6-10 years,Instructor-led,59.4,420.0,5,0,79.8,14.0,100.0,5.0,18.0,1
EDA-0151,Wales,Finance,Coordinator,0-2 years,Instructor-led,58.8,408.0,3,0,66.4,21.0,74.6,4.4,12.8,1
EDA-0152,London,IT,Manager,3-5 years,Instructor-led,70.8,407.0,5,1,75.4,13.0,96.3,5.0,12.9,1
EDA-0153,Yorkshire,Operations,Manager,10+ years,Instructor-led,62.8,444.0,2,0,70.0,18.0,76.3,4.2,16.0,1
EDA-0154,London,Product,Advisor,3-5 years,Instructor-led,48.0,363.0,2,2,81.3,19.0,80.7,3.3,14.2,1
EDA-0155,West Midlands,HR,Administrator,6-10 years,Blended,66.0,478.0,1,2,67.7,22.0,99.9,3.5,12.2,1
EDA-0156,West Midlands,Sales,Manager,0-2 years,Instructor-led,49.7,299.0,5,3,93.5,13.0,96.5,5.0,14.3,1
EDA-0157,South East,Product,Developer,6-10 years,Instructor-led,26.2,320.0,2,0,74.8,24.0,71.3,4.1,10.0,1
EDA-0158,London,HR,Analyst,3-5 years,Blended,33.1,452.0,3,4,97.0,28.0,86.7,4.4,10.4,1
EDA-0159,Wales,Product,Analyst,6-10 years,Blended,43.0,399.0,4,2,100.0,23.0,92.2,5.0,14.2,1
EDA-0160,London,IT,Manager,3-5 years,Blended,40.3,457.0,2,3,70.7,27.0,87.5,4.3,10.7,1
EDA-0161,Scotland,Product,Developer,0-2 years,Self-paced,26.3,225.0,4,3,62.3,23.0,90.9,3.5,11.2,0
EDA-0162,London,IT,Administrator,10+ years,Blended,54.2,418.0,3,1,84.0,20.0,77.6,5.0,11.4,1
EDA-0163,West Midlands,Operations,Developer,6-10 years,Self-paced,38.7,317.0,3,2,59.0,25.0,80.3,3.9,11.2,1
EDA-0164,North West,Operations,Developer,0-2 years,Blended,40.2,349.0,5,1,73.2,12.0,93.3,5.0,11.7,1
EDA-0165,North West,Product,Manager,6-10 years,Self-paced,61.9,212.0,3,1,76.2,12.0,80.3,5.0,4.5,0
EDA-0166,North West,IT,Developer,3-5 years,Blended,88.7,507.0,5,1,88.5,15.0,100.0,4.5,13.5,1
EDA-0167,North West,Finance,Coordinator,0-2 years,Self-paced,10.7,266.0,4,3,66.6,25.0,67.8,5.0,10.0,1
EDA-0168,West Midlands,Operations,Analyst,3-5 years,Self-paced,53.6,260.0,5,0,90.4,6.0,80.6,5.0,9.7,1
EDA-0169,Yorkshire,Sales,Manager,3-5 years,Self-paced,69.7,361.0,2,2,85.5,11.0,79.3,4.7,9.2,1
EDA-0170,London,Sales,Analyst,0-2 years,Blended,63.9,469.0,3,2,60.0,35.0,100.0,4.5,12.3,1
EDA-0171,Yorkshire,IT,Administrator,0-2 years,Blended,51.5,407.0,1,0,77.7,12.0,85.3,5.0,6.7,1
EDA-0172,Scotland,Customer Support,Developer,0-2 years,Instructor-led,63.4,287.0,4,3,73.7,33.0,83.5,4.5,12.7,1
EDA-0173,Scotland,Customer Support,Administrator,6-10 years,Blended,72.9,535.0,3,2,83.1,20.0,75.1,5.0,8.4,1
EDA-0174,West Midlands,Customer Support,Analyst,10+ years,Instructor-led,47.6,274.0,3,0,85.2,23.0,72.9,5.0,11.0,1
EDA-0175,Yorkshire,Sales,Coordinator,6-10 years,Blended,62.2,414.0,5,0,98.9,14.0,95.7,5.0,10.2,1
EDA-0176,London,IT,Administrator,0-2 years,Instructor-led,59.1,406.0,4,1,100.0,10.0,94.5,4.7,13.6,1
EDA-0177,London,Operations,Coordinator,3-5 years,Blended,56.9,361.0,4,1,66.1,33.0,90.2,5.0,17.5,1
EDA-0178,North West,Finance,Advisor,6-10 years,Self-paced,38.4,354.0,3,0,92.0,6.0,86.9,5.0,11.8,1
EDA-0179,South East,Sales,Coordinator,0-2 years,Blended,54.6,404.0,2,3,90.1,21.0,80.3,4.6,8.1,1
EDA-0180,Yorkshire,Sales,Analyst,0-2 years,Blended,66.7,367.0,2,2,49.5,28.0,73.0,3.7,5.1,1
EDA-0181,North West,Sales,Manager,3-5 years,Instructor-led,48.3,464.0,2,3,61.0,32.0,74.9,4.5,14.8,0
EDA-0182,Yorkshire,Operations,Developer,3-5 years,Instructor-led,54.1,405.0,2,1,86.1,15.0,81.6,4.3,9.1,1
EDA-0183,London,Operations,Analyst,0-2 years,Blended,80.3,452.0,5,1,89.5,25.0,95.3,5.0,15.2,1
EDA-0184,London,Operations,Advisor,10+ years,Self-paced,40.3,280.0,3,3,75.9,31.0,55.8,3.7,6.6,0
EDA-0185,London,IT,Developer,6-10 years,Blended,90.0,384.0,2,1,61.6,26.0,87.5,5.0,9.9,1
EDA-0186,Scotland,Operations,Manager,6-10 years,Instructor-led,33.6,261.0,2,3,59.2,32.0,46.5,4.5,11.5,1
EDA-0187,North West,Customer Support,Advisor,6-10 years,Blended,37.8,401.0,4,0,77.3,13.0,72.0,5.0,11.1,1
EDA-0188,Wales,Customer Support,Analyst,6-10 years,Self-paced,58.0,307.0,3,2,64.8,30.0,80.2,4.5,12.3,1
EDA-0189,London,HR,Coordinator,10+ years,Instructor-led,47.9,203.0,1,2,51.2,17.0,68.8,3.3,11.6,1
EDA-0190,London,Customer Support,Advisor,3-5 years,Instructor-led,62.9,337.0,4,2,78.9,15.0,84.4,5.0,11.7,1
EDA-0191,London,Sales,Analyst,6-10 years,Self-paced,59.6,410.0,1,4,44.3,29.0,77.6,4.2,6.0,0
EDA-0192,Wales,Product,Manager,6-10 years,Blended,46.8,517.0,5,1,100.0,16.0,78.3,5.0,14.3,1
EDA-0193,Wales,HR,Administrator,10+ years,Blended,71.0,491.0,3,1,58.2,4.0,81.9,4.6,16.6,1
EDA-0194,Wales,Sales,Analyst,10+ years,Instructor-led,64.0,272.0,4,1,78.5,20.0,92.0,5.0,12.6,1
EDA-0195,Scotland,Sales,Developer,0-2 years,Self-paced,26.1,254.0,3,5,68.8,18.0,62.8,5.0,7.5,0
EDA-0196,Wales,Sales,Coordinator,10+ years,Self-paced,48.5,374.0,4,2,70.3,19.0,75.1,5.0,10.2,1
EDA-0197,Wales,HR,Administrator,0-2 years,Self-paced,59.1,342.0,3,0,75.5,17.0,83.3,5.0,10.2,1
EDA-0198,North West,IT,Administrator,0-2 years,Blended,52.1,520.0,5,0,100.0,24.0,78.5,5.0,17.3,1
EDA-0199,West Midlands,Customer Support,Analyst,10+ years,Instructor-led,66.1,390.0,4,0,86.4,18.0,92.3,4.9,9.4,0
EDA-0200,Yorkshire,Sales,Developer,0-2 years,Instructor-led,42.3,367.0,3,1,69.6,16.0,65.6,5.0,6.1,0
EDA-0201,South East,IT,Coordinator,6-10 years,Blended,62.6,493.0,1,1,87.5,27.0,84.3,5.0,12.9,1
EDA-0202,North West,Customer Support,Administrator,3-5 years,Blended,82.9,468.0,3,1,80.9,15.0,89.2,4.6,10.3,1
EDA-0203,South East,Finance,Administrator,3-5 years,Instructor-led,26.1,311.0,4,1,76.2,13.0,69.1,4.1,10.4,1
EDA-0204,Yorkshire,HR,Coordinator,3-5 years,Instructor-led,60.6,471.0,2,2,71.4,11.0,86.1,3.8,11.4,1
EDA-0205,London,HR,Manager,3-5 years,Self-paced,45.8,224.0,3,2,92.2,24.0,58.7,5.0,14.5,1
EDA-0206,London,IT,Administrator,0-2 years,Blended,65.0,382.0,3,3,96.3,24.0,100.0,4.8,11.5,0
EDA-0207,Wales,Product,Administrator,6-10 years,Self-paced,45.0,240.0,2,0,65.4,24.0,66.2,4.4,9.1,1
EDA-0208,London,Operations,Administrator,6-10 years,Blended,75.3,474.0,2,0,64.3,16.0,89.3,4.5,12.5,1
EDA-0209,West Midlands,Sales,Developer,3-5 years,Instructor-led,54.5,316.0,5,0,78.8,7.0,90.7,5.0,16.6,1
EDA-0210,South East,Operations,Coordinator,6-10 years,Instructor-led,51.5,448.0,2,0,67.6,12.0,68.5,5.0,7.4,0
EDA-0211,Yorkshire,Customer Support,Advisor,0-2 years,Self-paced,19.6,376.0,4,0,83.5,12.0,72.1,5.0,9.6,1
EDA-0212,South East,HR,Coordinator,6-10 years,Self-paced,45.7,220.0,3,3,79.3,31.0,70.0,4.1,10.6,1
EDA-0213,London,Customer Support,Advisor,6-10 years,Blended,53.0,428.0,4,1,90.0,21.0,78.0,4.6,10.3,0
EDA-0214,South East,Product,Developer,0-2 years,Self-paced,80.0,229.0,3,2,69.3,26.0,84.4,4.6,9.1,1
EDA-0215,London,Product,Manager,0-2 years,Self-paced,32.7,335.0,2,1,83.3,20.0,82.8,4.1,14.2,1
EDA-0216,Yorkshire,HR,Analyst,6-10 years,Instructor-led,43.0,371.0,5,1,95.4,7.0,86.8,5.0,13.0,1
EDA-0217,London,Sales,Advisor,3-5 years,Instructor-led,48.0,359.0,2,0,61.1,18.0,76.7,4.8,14.1,1
EDA-0218,Yorkshire,Product,Administrator,0-2 years,Blended,20.2,301.0,2,2,100.0,33.0,79.5,5.0,10.6,1
EDA-0219,South East,Operations,Advisor,3-5 years,Instructor-led,53.9,404.0,3,0,79.6,13.0,70.2,4.7,12.0,1
EDA-0220,Wales,HR,Analyst,10+ years,Self-paced,28.7,243.0,1,1,69.0,19.0,78.3,4.2,12.5,1
EDA-0221,Yorkshire,Operations,Coordinator,6-10 years,Blended,40.2,355.0,1,1,90.0,12.0,75.2,4.8,13.1,1
EDA-0222,London,HR,Coordinator,3-5 years,Blended,81.1,452.0,4,0,68.7,23.0,100.0,5.0,10.6,1
EDA-0223,Wales,Operations,Advisor,3-5 years,Self-paced,50.1,249.0,3,2,59.6,18.0,78.5,4.0,8.6,1
EDA-0224,Yorkshire,Product,Administrator,3-5 years,Self-paced,50.0,323.0,5,2,82.9,29.0,79.9,5.0,13.1,1
EDA-0225,North West,Sales,Coordinator,10+ years,Self-paced,75.4,340.0,3,0,75.8,19.0,88.6,5.0,13.6,1
EDA-0226,North West,HR,Administrator,6-10 years,Blended,25.0,311.0,2,2,86.3,15.0,70.8,5.0,7.2,1
EDA-0227,London,Sales,Developer,3-5 years,Self-paced,24.9,229.0,2,0,69.6,25.0,79.2,4.4,11.5,1
EDA-0228,South East,Customer Support,Coordinator,6-10 years,Blended,37.1,465.0,1,1,61.2,22.0,69.0,3.4,8.0,1
EDA-0229,London,Finance,Manager,0-2 years,Blended,52.3,411.0,4,3,91.9,15.0,92.7,3.9,12.8,1
EDA-0230,Yorkshire,Customer Support,Coordinator,0-2 years,Self-paced,42.8,216.0,2,1,66.3,10.0,82.1,3.7,8.4,1
EDA-0231,Wales,Product,Advisor,3-5 years,Blended,63.5,546.0,2,0,82.3,16.0,100.0,4.9,10.0,1
EDA-0232,West Midlands,Finance,Developer,3-5 years,Instructor-led,50.9,330.0,5,0,98.9,3.0,81.7,5.0,13.2,1
EDA-0233,Scotland,Operations,Manager,0-2 years,Instructor-led,41.7,447.0,4,0,94.7,26.0,82.2,5.0,9.0,1
EDA-0234,Scotland,Customer Support,Analyst,6-10 years,Instructor-led,85.0,408.0,3,0,73.4,16.0,83.7,3.8,12.1,1
EDA-0235,London,Customer Support,Developer,6-10 years,Blended,59.8,584.0,1,1,55.9,19.0,74.5,3.6,9.5,0
EDA-0236,Yorkshire,IT,Advisor,0-2 years,Instructor-led,33.4,374.0,2,2,59.7,14.0,66.8,4.1,6.1,0
EDA-0237,Yorkshire,Sales,Developer,6-10 years,Blended,54.0,531.0,4,1,90.6,27.0,93.5,4.0,13.3,1
EDA-0238,West Midlands,Sales,Coordinator,3-5 years,Blended,49.4,533.0,5,2,92.9,18.0,89.3,5.0,10.2,1
EDA-0239,Yorkshire,IT,Coordinator,3-5 years,Blended,66.3,556.0,3,0,84.8,21.0,86.6,4.4,11.0,1
EDA-0240,Yorkshire,Operations,Administrator,3-5 years,Self-paced,59.7,313.0,4,2,76.4,20.0,76.5,5.0,8.0,1
EDA-0241,Yorkshire,Finance,Analyst,0-2 years,Self-paced,79.1,173.0,5,1,81.3,23.0,86.8,4.2,10.1,1
EDA-0242,North West,Operations,Developer,6-10 years,Self-paced,74.3,401.0,4,1,94.7,23.0,100.0,5.0,9.1,1
EDA-0243,North West,Sales,Developer,3-5 years,Instructor-led,38.3,287.0,3,4,74.6,22.0,57.0,4.5,14.0,1
EDA-0244,North West,Operations,Administrator,10+ years,Self-paced,73.5,283.0,5,0,100.0,16.0,99.7,5.0,13.9,1
EDA-0245,Scotland,HR,Coordinator,6-10 years,Instructor-led,68.1,277.0,3,2,62.3,19.0,80.0,4.8,6.1,0
EDA-0246,Yorkshire,Customer Support,Analyst,6-10 years,Blended,92.7,620.0,4,0,81.5,10.0,94.0,4.4,11.9,1
EDA-0247,South East,Finance,Developer,6-10 years,Instructor-led,58.6,447.0,3,2,84.3,20.0,69.3,4.3,10.3,1
EDA-0248,London,IT,Coordinator,6-10 years,Blended,35.5,540.0,4,1,81.1,22.0,72.5,4.9,10.3,1
EDA-0249,Wales,IT,Coordinator,3-5 years,Blended,43.5,376.0,3,1,81.6,15.0,77.9,5.0,10.0,1
EDA-0250,Scotland,Sales,Administrator,3-5 years,Instructor-led,53.7,391.0,4,2,96.6,21.0,86.0,5.0,14.3,1
EDA-0251,London,IT,Manager,0-2 years,Self-paced,78.8,371.0,3,0,70.9,18.0,78.0,4.5,10.3,1
EDA-0252,Yorkshire,Operations,Coordinator,3-5 years,Instructor-led,33.7,421.0,2,1,65.5,19.0,65.0,4.8,10.6,1
EDA-0253,London,Product,Coordinator,10+ years,Blended,10.0,450.0,3,2,85.7,26.0,61.8,5.0,13.0,1
EDA-0254,West Midlands,Operations,Advisor,3-5 years,Self-paced,70.7,262.0,1,1,70.0,34.0,71.8,4.0,6.8,0
EDA-0255,South East,Operations,Coordinator,3-5 years,Blended,31.3,351.0,2,1,80.1,34.0,81.5,4.5,9.1,1
EDA-0256,North West,Sales,Advisor,10+ years,Blended,32.7,384.0,4,2,100.0,24.0,77.1,5.0,9.6,1
EDA-0257,Scotland,Customer Support,Advisor,10+ years,Self-paced,60.2,363.0,3,2,76.0,17.0,66.5,5.0,6.7,1
EDA-0258,Yorkshire,HR,Administrator,6-10 years,Blended,36.4,382.0,2,1,80.2,13.0,69.2,4.5,6.6,1
EDA-0259,North West,IT,Analyst,3-5 years,Blended,56.0,326.0,2,1,62.9,24.0,70.0,3.2,6.3,0
EDA-0260,South East,HR,Administrator,3-5 years,Self-paced,51.6,317.0,3,1,66.9,19.0,79.5,5.0,11.9,1
EDA-0261,North West,Sales,Analyst,10+ years,Blended,33.4,409.0,3,0,72.2,9.0,95.7,5.0,10.8,1
EDA-0262,South East,Operations,Manager,0-2 years,Instructor-led,58.4,333.0,4,0,65.2,23.0,94.7,4.6,15.1,1
EDA-0263,South East,IT,Advisor,10+ years,Blended,38.5,462.0,5,0,98.0,12.0,80.4,5.0,12.3,1
EDA-0264,South East,IT,Developer,6-10 years,Blended,74.6,387.0,2,3,49.7,30.0,83.4,3.2,10.7,1
EDA-0265,Yorkshire,Sales,Developer,3-5 years,Self-paced,43.3,176.0,4,1,63.5,13.0,83.5,4.2,11.7,0
EDA-0266,Yorkshire,Product,Coordinator,10+ years,Self-paced,43.2,194.0,1,1,50.1,16.0,58.8,3.9,9.9,1
EDA-0267,North West,Sales,Manager,0-2 years,Blended,60.6,432.0,4,0,100.0,15.0,83.0,5.0,12.9,1
EDA-0268,South East,Operations,Advisor,3-5 years,Blended,60.3,484.0,4,2,75.5,29.0,97.5,4.0,15.3,1
EDA-0269,West Midlands,Product,Developer,10+ years,Self-paced,73.6,421.0,3,1,93.4,18.0,89.7,5.0,13.1,1
EDA-0270,Scotland,Operations,Developer,3-5 years,Self-paced,58.7,315.0,4,0,86.2,22.0,82.3,4.6,11.3,1
EDA-0271,London,Customer Support,Manager,3-5 years,Self-paced,59.8,173.0,3,2,71.8,20.0,90.0,5.0,15.3,1
EDA-0272,South East,Finance,Manager,0-2 years,Blended,48.5,421.0,4,0,94.5,12.0,93.9,4.9,18.0,1
EDA-0273,North West,Operations,Developer,3-5 years,Instructor-led,64.4,433.0,4,2,67.6,26.0,82.7,4.5,9.8,1
EDA-0274,Scotland,Sales,Coordinator,3-5 years,Self-paced,68.2,267.0,4,0,95.2,27.0,90.4,5.0,13.8,1
EDA-0275,West Midlands,Sales,Administrator,6-10 years,Self-paced,66.0,198.0,3,2,69.0,26.0,92.4,4.5,9.2,1
EDA-0276,London,Customer Support,Developer,3-5 years,Instructor-led,57.7,244.0,2,1,69.0,11.0,69.6,3.8,9.3,1
EDA-0277,Yorkshire,Operations,Administrator,0-2 years,Self-paced,53.4,220.0,4,0,74.5,3.0,81.8,4.7,11.2,1
EDA-0278,Yorkshire,Sales,Developer,3-5 years,Instructor-led,55.0,354.0,4,1,100.0,24.0,87.6,4.8,16.4,1
EDA-0279,South East,Operations,Coordinator,3-5 years,Blended,43.5,349.0,5,3,88.4,34.0,83.2,5.0,7.1,1
EDA-0280,North West,Sales,Advisor,10+ years,Self-paced,14.6,334.0,1,1,69.8,12.0,77.0,4.3,4.5,0
EDA-0281,London,HR,Analyst,3-5 years,Self-paced,71.6,237.0,4,1,76.2,21.0,100.0,4.8,16.1,1
EDA-0282,Yorkshire,Operations,Manager,0-2 years,Self-paced,36.2,193.0,3,0,85.1,14.0,73.0,4.9,10.6,1
EDA-0283,London,HR,Analyst,10+ years,Self-paced,66.3,267.0,3,2,68.4,18.0,79.9,4.7,9.8,1
EDA-0284,Scotland,Product,Administrator,3-5 years,Self-paced,75.3,232.0,5,0,89.9,28.0,95.2,5.0,10.0,1
EDA-0285,London,Finance,Manager,3-5 years,Instructor-led,24.5,296.0,4,5,67.2,25.0,64.8,5.0,10.6,1
EDA-0286,Yorkshire,IT,Developer,3-5 years,Instructor-led,44.5,289.0,2,2,75.9,15.0,73.3,3.1,12.3,1
EDA-0287,London,Sales,Developer,6-10 years,Blended,81.1,513.0,4,0,80.5,15.0,93.5,5.0,10.4,1
EDA-0288,Scotland,Sales,Administrator,3-5 years,Blended,49.7,461.0,3,2,83.3,12.0,80.6,3.9,13.9,1
EDA-0289,North West,Customer Support,Coordinator,10+ years,Self-paced,51.0,257.0,4,0,90.5,21.0,84.6,5.0,12.5,1
EDA-0290,London,Sales,Administrator,10+ years,Blended,23.8,321.0,3,1,93.0,19.0,69.0,5.0,12.1,1
EDA-0291,South East,Operations,Advisor,6-10 years,Blended,58.1,478.0,2,0,66.0,22.0,78.6,3.2,9.8,1
EDA-0292,Scotland,Finance,Advisor,6-10 years,Blended,29.8,440.0,3,4,65.1,15.0,61.2,4.6,8.0,0
EDA-0293,South East,HR,Coordinator,6-10 years,Self-paced,53.2,415.0,1,3,27.5,22.0,59.5,3.4,13.1,1
EDA-0294,South East,Operations,Analyst,0-2 years,Self-paced,55.5,383.0,3,1,73.4,34.0,68.8,3.6,12.6,1
EDA-0295,Scotland,Operations,Advisor,6-10 years,Self-paced,59.8,378.0,4,0,75.3,30.0,100.0,4.8,14.3,1
EDA-0296,South East,Operations,Analyst,0-2 years,Instructor-led,51.2,360.0,2,1,64.8,21.0,78.4,4.3,11.3,0
EDA-0297,Yorkshire,IT,Advisor,10+ years,Instructor-led,50.3,364.0,4,1,65.5,17.0,71.7,5.0,11.2,1
EDA-0298,Scotland,IT,Administrator,0-2 years,Self-paced,75.6,320.0,2,1,89.4,18.0,70.6,4.6,9.8,1
EDA-0299,Scotland,Sales,Advisor,0-2 years,Self-paced,29.3,217.0,1,2,51.1,26.0,58.1,2.1,5.5,0
EDA-0300,Yorkshire,IT,Analyst,10+ years,Blended,39.8,436.0,4,0,80.9,5.0,75.3,5.0,10.2,0
EDA-0301,Scotland,HR,Advisor,10+ years,Instructor-led,43.5,291.0,4,1,100.0,13.0,84.0,4.3,9.5,1
EDA-0302,North West,Operations,Coordinator,0-2 years,Blended,26.4,491.0,3,2,90.0,19.0,76.6,5.0,11.2,1
EDA-0303,London,Customer Support,Developer,6-10 years,Self-paced,47.4,409.0,5,0,100.0,13.0,97.9,5.0,7.7,0
EDA-0304,Scotland,Operations,Developer,10+ years,Self-paced,52.0,260.0,5,1,89.0,24.0,87.3,4.8,11.4,1
EDA-0305,Scotland,HR,Administrator,3-5 years,Instructor-led,46.8,303.0,5,0,89.9,14.0,100.0,5.0,7.8,0
EDA-0306,Wales,Finance,Analyst,6-10 years,Self-paced,71.7,320.0,4,0,70.7,14.0,97.5,3.9,18.0,1
EDA-0307,London,Product,Manager,10+ years,Instructor-led,56.1,336.0,5,0,65.9,10.0,91.9,5.0,10.6,1
EDA-0308,Wales,Sales,Coordinator,0-2 years,Self-paced,18.5,381.0,3,1,73.1,23.0,82.2,4.7,12.6,1
EDA-0309,North West,IT,Developer,0-2 years,Blended,87.8,478.0,4,0,93.4,13.0,93.9,5.0,13.3,1
EDA-0310,West Midlands,Operations,Administrator,3-5 years,Self-paced,44.0,237.0,4,2,57.1,27.0,70.6,3.9,9.7,1
EDA-0311,North West,Finance,Coordinator,3-5 years,Self-paced,71.5,411.0,5,0,99.3,13.0,87.4,5.0,14.0,1
EDA-0312,Yorkshire,Sales,Administrator,3-5 years,Blended,28.3,433.0,5,1,88.5,30.0,83.9,5.0,10.5,1
EDA-0313,London,Operations,Analyst,0-2 years,Blended,56.3,428.0,1,3,78.4,30.0,72.7,4.8,10.3,1
EDA-0314,North West,Product,Coordinator,6-10 years,Instructor-led,50.8,349.0,3,2,89.2,19.0,75.4,4.5,9.4,1
EDA-0315,London,Operations,Developer,3-5 years,Self-paced,38.4,332.0,3,4,67.6,22.0,71.7,3.3,7.7,0
EDA-0316,London,HR,Developer,0-2 years,Self-paced,56.8,196.0,4,1,71.0,13.0,91.6,5.0,11.7,1
EDA-0317,London,Product,Analyst,6-10 years,Blended,62.2,526.0,3,1,91.3,20.0,100.0,5.0,8.2,1
EDA-0318,Scotland,Finance,Analyst,3-5 years,Self-paced,53.6,187.0,3,0,83.8,23.0,71.3,5.0,10.3,1
EDA-0319,London,Customer Support,Advisor,6-10 years,Instructor-led,68.7,352.0,3,1,76.0,25.0,76.5,4.2,11.7,1
EDA-0320,South East,Customer Support,Coordinator,3-5 years,Blended,39.8,389.0,2,2,82.2,14.0,80.7,5.0,10.8,1
EDA-0321,Scotland,HR,Manager,3-5 years,Blended,98.0,485.0,5,1,75.5,3.0,100.0,5.0,12.4,1
EDA-0322,South East,HR,Administrator,6-10 years,Self-paced,31.3,280.0,3,1,88.6,23.0,91.6,4.8,11.9,1
EDA-0323,South East,IT,Advisor,3-5 years,Blended,43.2,302.0,5,0,100.0,18.0,97.1,5.0,12.9,1
EDA-0324,London,IT,Advisor,6-10 years,Self-paced,47.0,368.0,4,1,81.8,12.0,65.0,4.3,13.8,1
EDA-0325,Wales,IT,Developer,6-10 years,Instructor-led,62.8,531.0,4,2,77.1,20.0,90.3,4.7,12.7,1
EDA-0326,Yorkshire,Operations,Coordinator,6-10 years,Blended,36.9,390.0,3,5,77.9,20.0,81.6,4.7,14.7,1
EDA-0327,London,Customer Support,Coordinator,6-10 years,Self-paced,73.5,283.0,1,3,58.8,28.0,76.0,3.6,12.0,1
EDA-0328,Scotland,Finance,Advisor,0-2 years,Blended,66.7,457.0,3,1,73.1,10.0,90.7,4.8,10.1,1
EDA-0329,North West,Sales,Developer,3-5 years,Instructor-led,38.7,269.0,3,1,82.0,15.0,81.4,4.4,9.6,0
EDA-0330,London,IT,Developer,3-5 years,Self-paced,53.8,293.0,4,0,73.0,18.0,76.5,4.6,14.2,1
EDA-0331,Wales,Customer Support,Developer,6-10 years,Blended,71.5,429.0,3,2,91.1,30.0,78.8,5.0,11.9,1
EDA-0332,Scotland,Product,Developer,0-2 years,Instructor-led,49.8,379.0,2,3,56.7,19.0,92.1,3.7,13.2,1
EDA-0333,London,Operations,Coordinator,0-2 years,Blended,79.6,353.0,2,1,61.2,32.0,75.5,4.3,10.3,1
EDA-0334,London,Sales,Analyst,3-5 years,Self-paced,62.4,329.0,5,1,88.9,12.0,88.4,5.0,11.5,1
EDA-0335,South East,Operations,Manager,6-10 years,Blended,34.8,372.0,5,1,94.5,9.0,84.6,5.0,16.7,1
EDA-0336,North West,Sales,Analyst,3-5 years,Blended,47.2,421.0,3,0,69.8,24.0,83.1,4.0,8.0,1
EDA-0337,Scotland,Sales,Manager,10+ years,Self-paced,61.5,246.0,1,1,39.8,17.0,75.4,2.9,9.1,0
EDA-0338,North West,HR,Administrator,6-10 years,Self-paced,76.1,406.0,1,2,27.9,18.0,78.7,3.3,13.5,1
EDA-0339,Scotland,Finance,Advisor,3-5 years,Blended,65.2,403.0,4,1,92.3,9.0,72.4,3.6,15.5,1
EDA-0340,Scotland,IT,Manager,0-2 years,Self-paced,48.4,343.0,3,3,65.8,15.0,73.8,4.2,12.9,1
EDA-0341,London,HR,Developer,10+ years,Instructor-led,44.1,471.0,3,0,85.8,3.0,86.9,4.4,14.1,1
EDA-0342,Yorkshire,IT,Advisor,0-2 years,Blended,67.4,355.0,5,0,84.5,20.0,100.0,4.9,11.8,1
EDA-0343,South East,Customer Support,Analyst,10+ years,Self-paced,53.6,320.0,3,0,89.4,20.0,84.3,4.9,10.6,1
EDA-0344,South East,IT,Manager,6-10 years,Self-paced,57.1,283.0,5,0,100.0,13.0,100.0,5.0,14.8,1
EDA-0345,West Midlands,Sales,Advisor,10+ years,Self-paced,95.6,432.0,4,0,92.7,16.0,100.0,5.0,8.4,1
EDA-0346,West Midlands,Customer Support,Developer,3-5 years,Blended,90.9,453.0,2,1,93.1,22.0,100.0,4.4,12.4,1
EDA-0347,Yorkshire,Finance,Coordinator,10+ years,Blended,5.0,364.0,4,0,100.0,30.0,75.3,5.0,11.1,1
EDA-0348,London,Product,Manager,6-10 years,Self-paced,48.1,259.0,3,1,79.5,16.0,92.0,4.4,12.0,1
EDA-0349,South East,Customer Support,Manager,10+ years,Instructor-led,41.9,370.0,2,1,75.4,3.0,88.2,4.7,10.3,1
EDA-0350,South East,Operations,Analyst,3-5 years,Self-paced,73.3,230.0,4,1,87.0,16.0,88.1,5.0,13.0,1
EDA-0351,Yorkshire,Customer Support,Analyst,3-5 years,Self-paced,91.5,469.0,3,0,76.8,19.0,86.1,4.3,10.2,1
EDA-0352,Wales,IT,Coordinator,6-10 years,Instructor-led,66.1,438.0,2,1,47.0,16.0,80.4,3.6,13.1,1
EDA-0353,Yorkshire,HR,Advisor,0-2 years,Self-paced,40.6,288.0,2,4,75.1,20.0,79.3,3.6,11.2,1
EDA-0354,Scotland,HR,Administrator,6-10 years,Self-paced,80.3,284.0,1,0,66.9,24.0,83.0,4.8,12.1,1
EDA-0355,North West,HR,Advisor,6-10 years,Self-paced,63.8,253.0,2,2,75.8,17.0,88.3,4.4,12.9,1
EDA-0356,London,Operations,Analyst,0-2 years,Blended,60.5,388.0,4,1,87.8,9.0,90.4,4.8,10.2,1
EDA-0357,Yorkshire,Finance,Coordinator,0-2 years,Blended,64.9,468.0,3,0,87.3,11.0,99.6,5.0,10.7,1
EDA-0358,Scotland,Finance,Developer,0-2 years,Self-paced,63.1,266.0,5,1,100.0,9.0,78.6,5.0,10.7,1
EDA-0359,North West,Customer Support,Developer,6-10 years,Blended,48.3,342.0,3,0,89.7,23.0,80.1,4.4,9.4,1
EDA-0360,South East,Product,Developer,6-10 years,Instructor-led,60.2,390.0,2,2,78.3,27.0,83.8,4.5,9.3,1
EDA-0361,South East,Sales,Analyst,6-10 years,Self-paced,47.4,312.0,3,0,91.2,3.0,98.4,5.0,11.8,1
EDA-0362,North West,Sales,Advisor,10+ years,Blended,50.3,436.0,2,1,74.0,25.0,76.3,4.5,9.2,1
EDA-0363,Wales,IT,Coordinator,10+ years,Self-paced,63.3,286.0,3,2,86.7,23.0,89.6,4.8,11.3,1
EDA-0364,Wales,Product,Coordinator,10+ years,Blended,37.5,352.0,4,1,83.2,13.0,55.3,4.7,13.4,1
EDA-0365,South East,HR,Developer,10+ years,Blended,85.0,444.0,3,0,85.3,7.0,88.8,4.8,9.9,1
EDA-0366,Yorkshire,Operations,Coordinator,6-10 years,Instructor-led,78.4,478.0,5,0,76.2,12.0,96.4,4.8,9.6,1
EDA-0367,London,Operations,Coordinator,3-5 years,Instructor-led,67.5,308.0,4,1,79.9,13.0,89.0,5.0,12.5,1
EDA-0368,Yorkshire,Operations,Manager,3-5 years,Instructor-led,51.0,305.0,4,2,72.1,23.0,75.0,4.7,16.9,1
EDA-0369,Wales,Product,Analyst,6-10 years,Self-paced,59.9,442.0,4,2,92.5,29.0,90.5,5.0,11.9,1
EDA-0370,Scotland,IT,Administrator,0-2 years,Instructor-led,75.5,528.0,4,0,62.2,13.0,95.5,5.0,13.4,1
EDA-0371,North West,Product,Coordinator,3-5 years,Instructor-led,41.6,403.0,2,0,67.5,11.0,78.1,4.6,9.5,1
EDA-0372,Scotland,Product,Administrator,6-10 years,Self-paced,69.3,342.0,3,2,67.9,15.0,90.5,3.9,12.1,1
EDA-0373,Yorkshire,IT,Analyst,10+ years,Blended,72.5,502.0,3,1,66.7,33.0,91.8,3.6,18.0,1
EDA-0374,Wales,Operations,Administrator,6-10 years,Self-paced,54.6,429.0,4,0,82.5,9.0,93.3,5.0,12.1,1
EDA-0375,Scotland,IT,Advisor,6-10 years,Instructor-led,69.3,453.0,4,0,88.8,13.0,89.4,4.9,11.7,1
EDA-0376,Wales,Finance,Manager,3-5 years,Blended,60.3,353.0,5,0,68.8,15.0,77.0,5.0,9.6,0
EDA-0377,London,Sales,Developer,3-5 years,Instructor-led,26.0,371.0,3,1,92.2,22.0,79.1,4.2,10.3,1
EDA-0378,Yorkshire,Product,Advisor,6-10 years,Blended,93.5,440.0,3,1,82.3,17.0,87.4,4.8,14.5,1
EDA-0379,Scotland,Sales,Manager,6-10 years,Blended,59.1,285.0,5,2,100.0,24.0,89.7,4.4,13.9,1
EDA-0380,Scotland,Operations,Advisor,6-10 years,Blended,25.2,284.0,4,0,100.0,15.0,83.1,4.7,15.0,1
EDA-0381,London,Customer Support,Coordinator,6-10 years,Self-paced,52.2,265.0,5,1,53.4,17.0,91.8,4.0,11.3,1
EDA-0382,North West,Finance,Administrator,6-10 years,Blended,33.1,352.0,3,3,71.8,32.0,67.6,3.8,10.9,1
EDA-0383,Scotland,Customer Support,Administrator,0-2 years,Self-paced,44.9,303.0,4,2,63.9,17.0,79.4,3.4,13.5,1
EDA-0384,South East,Product,Developer,3-5 years,Self-paced,67.5,294.0,4,3,97.3,38.0,81.5,4.8,8.5,1
EDA-0385,North West,Finance,Coordinator,3-5 years,Blended,69.9,421.0,5,2,85.2,24.0,86.1,4.8,10.8,1
EDA-0386,North West,Operations,Analyst,3-5 years,Instructor-led,35.7,434.0,5,1,78.7,10.0,85.6,4.9,10.6,1
EDA-0387,Scotland,Finance,Advisor,3-5 years,Instructor-led,64.8,364.0,4,0,100.0,25.0,79.1,5.0,13.2,1
EDA-0388,Scotland,Sales,Manager,6-10 years,Blended,44.9,457.0,3,1,94.7,30.0,87.4,4.2,9.8,1
EDA-0389,London,Sales,Developer,6-10 years,Instructor-led,68.0,328.0,4,1,80.5,10.0,81.9,4.4,16.4,1
EDA-0390,West Midlands,Operations,Advisor,10+ years,Instructor-led,30.6,336.0,1,1,63.9,29.0,77.2,3.4,6.6,0
EDA-0391,North West,Sales,Analyst,6-10 years,Blended,52.1,477.0,4,2,100.0,24.0,83.4,5.0,10.4,1
EDA-0392,Scotland,IT,Coordinator,10+ years,Self-paced,54.0,449.0,3,1,95.7,20.0,69.5,5.0,11.8,1
EDA-0393,Yorkshire,Operations,Manager,0-2 years,Instructor-led,80.7,268.0,4,0,100.0,10.0,80.0,5.0,9.4,1
EDA-0394,Yorkshire,Finance,Advisor,3-5 years,Self-paced,69.7,311.0,3,2,56.0,13.0,70.2,3.5,10.8,1
EDA-0395,London,Product,Administrator,3-5 years,Blended,62.6,426.0,5,0,87.7,18.0,98.3,4.8,15.3,1
EDA-0396,South East,Product,Administrator,6-10 years,Self-paced,55.4,220.0,4,0,57.9,16.0,83.0,3.7,10.4,0
EDA-0397,South East,IT,Coordinator,6-10 years,Blended,43.0,361.0,4,1,80.4,13.0,96.3,4.6,10.1,1
EDA-0398,West Midlands,Customer Support,Coordinator,3-5 years,Blended,38.6,350.0,3,3,83.7,17.0,72.8,3.0,9.4,0
EDA-0399,Yorkshire,Product,Coordinator,10+ years,Instructor-led,41.9,245.0,2,0,73.3,14.0,83.2,4.2,5.3,1
EDA-0400,North West,Product,Developer,3-5 years,Self-paced,46.1,268.0,5,1,74.5,18.0,70.7,4.7,12.0,1
EDA-0401,Wales,IT,Manager,0-2 years,Self-paced,37.4,272.0,5,1,87.9,27.0,92.5,5.0,12.3,1
EDA-0402,London,Customer Support,Coordinator,6-10 years,Self-paced,57.1,329.0,2,3,63.6,19.0,61.8,2.9,6.7,0
EDA-0403,South East,Product,Developer,10+ years,Self-paced,78.9,256.0,3,0,70.5,18.0,99.8,3.4,14.3,1
EDA-0404,London,Sales,Administrator,6-10 years,Self-paced,64.1,285.0,3,1,86.1,13.0,79.7,5.0,10.0,0
EDA-0405,Yorkshire,HR,Analyst,0-2 years,Self-paced,63.6,357.0,3,1,68.0,14.0,77.1,4.9,13.9,1
EDA-0406,Scotland,Finance,Administrator,6-10 years,Self-paced,55.2,392.0,5,2,88.5,11.0,84.5,4.5,14.8,1
EDA-0407,Scotland,IT,Administrator,3-5 years,Blended,83.9,300.0,4,1,74.3,20.0,90.3,5.0,14.9,1
EDA-0408,North West,Customer Support,Administrator,3-5 years,Instructor-led,54.4,389.0,2,5,58.8,29.0,61.4,3.8,8.8,1
EDA-0409,London,Finance,Developer,10+ years,Self-paced,66.0,281.0,1,3,53.0,16.0,56.4,3.4,10.8,1
EDA-0410,South East,Finance,Analyst,3-5 years,Blended,97.6,448.0,1,0,89.1,26.0,89.6,4.0,9.8,0
EDA-0411,West Midlands,HR,Developer,0-2 years,Blended,52.5,285.0,4,3,85.8,17.0,86.7,4.6,10.8,1
EDA-0412,Scotland,Sales,Coordinator,3-5 years,Blended,60.8,372.0,3,0,81.6,16.0,87.8,5.0,10.9,1
EDA-0413,South East,Customer Support,Administrator,6-10 years,Blended,41.2,423.0,5,0,85.1,20.0,87.1,5.0,12.0,1
EDA-0414,Scotland,IT,Administrator,10+ years,Self-paced,30.1,255.0,4,1,88.5,23.0,64.2,4.8,14.6,1
EDA-0415,London,IT,Administrator,0-2 years,Instructor-led,41.1,420.0,5,1,81.7,22.0,78.3,5.0,11.3,1
EDA-0416,London,Customer Support,Administrator,3-5 years,Instructor-led,41.5,522.0,3,2,74.6,20.0,88.6,4.7,7.4,0
EDA-0417,Yorkshire,Product,Manager,0-2 years,Blended,50.8,443.0,3,2,82.7,25.0,84.9,4.7,12.9,1
EDA-0418,Wales,Finance,Analyst,6-10 years,Instructor-led,55.7,426.0,1,2,38.7,15.0,65.2,2.9,7.5,0
EDA-0419,West Midlands,Product,Developer,3-5 years,Instructor-led,57.2,356.0,5,0,94.3,14.0,90.3,5.0,14.2,1
EDA-0420,Yorkshire,Operations,Manager,3-5 years,Blended,22.6,327.0,4,0,80.8,12.0,66.6,3.8,10.6,1
EDA-0421,South East,Product,Manager,10+ years,Instructor-led,45.2,346.0,4,2,84.1,11.0,81.9,4.1,12.3,1
EDA-0422,Wales,Sales,Coordinator,3-5 years,Self-paced,54.1,302.0,3,1,61.2,7.0,73.9,4.9,9.6,1
EDA-0423,Yorkshire,Product,Analyst,3-5 years,Self-paced,56.8,287.0,3,1,57.3,39.0,74.9,4.3,12.8,1
EDA-0424,West Midlands,Finance,Analyst,0-2 years,Self-paced,40.8,291.0,4,1,68.1,28.0,87.8,4.8,15.8,1
EDA-0425,Wales,Operations,Manager,6-10 years,Self-paced,64.4,263.0,4,0,94.3,6.0,81.1,5.0,12.3,1
EDA-0426,North West,Customer Support,Manager,3-5 years,Instructor-led,52.9,262.0,3,0,70.1,6.0,75.0,5.0,13.8,1
EDA-0427,Wales,Sales,Manager,3-5 years,Blended,44.9,295.0,4,0,89.9,25.0,83.6,5.0,12.8,1
EDA-0428,South East,Finance,Analyst,6-10 years,Blended,66.3,318.0,2,2,57.6,12.0,94.4,3.1,7.7,0
EDA-0429,South East,Customer Support,Administrator,0-2 years,Self-paced,59.1,280.0,2,2,41.3,19.0,69.3,3.3,4.1,0
EDA-0430,Wales,Customer Support,Manager,0-2 years,Self-paced,71.3,315.0,2,0,74.6,21.0,77.5,3.8,13.8,1
EDA-0431,Yorkshire,Customer Support,Developer,0-2 years,Instructor-led,14.1,417.0,3,4,61.2,18.0,42.7,3.9,2.6,0
EDA-0432,London,HR,Developer,6-10 years,Instructor-led,30.4,413.0,1,3,53.6,23.0,72.7,3.1,9.4,1
EDA-0433,Wales,Customer Support,Analyst,6-10 years,Blended,39.8,432.0,3,0,83.1,34.0,82.3,3.5,10.2,0
EDA-0434,London,Finance,Developer,10+ years,Self-paced,43.6,207.0,2,3,69.1,29.0,54.5,4.6,11.2,1
EDA-0435,South East,Sales,Administrator,10+ years,Blended,66.6,488.0,3,2,91.3,19.0,85.9,4.3,12.7,1
EDA-0436,London,HR,Manager,3-5 years,Blended,61.4,321.0,5,1,89.0,16.0,100.0,5.0,16.2,1
EDA-0437,North West,IT,Advisor,6-10 years,Self-paced,30.4,358.0,3,1,69.7,24.0,69.7,4.6,10.8,0
EDA-0438,West Midlands,HR,Developer,6-10 years,Instructor-led,69.8,409.0,4,0,89.8,27.0,96.3,5.0,11.6,1
EDA-0439,West Midlands,Operations,Analyst,6-10 years,Blended,71.0,356.0,2,2,59.7,27.0,65.9,4.7,8.1,1
EDA-0440,West Midlands,Product,Coordinator,3-5 years,Self-paced,45.7,369.0,5,2,76.0,22.0,74.4,5.0,12.4,1
EDA-0441,South East,Customer Support,Advisor,3-5 years,Blended,27.2,446.0,5,1,100.0,6.0,66.0,5.0,9.8,1
EDA-0442,Yorkshire,IT,Coordinator,3-5 years,Self-paced,46.3,249.0,2,0,73.8,22.0,85.0,5.0,13.6,1
EDA-0443,North West,Customer Support,Coordinator,6-10 years,Self-paced,55.0,406.0,3,0,94.5,24.0,84.2,5.0,14.0,1
EDA-0444,Scotland,Customer Support,Manager,3-5 years,Blended,57.7,353.0,5,0,83.0,24.0,100.0,5.0,17.4,1
EDA-0445,Scotland,Operations,Coordinator,6-10 years,Blended,44.0,431.0,5,1,100.0,15.0,85.9,5.0,16.8,1
EDA-0446,North West,Sales,Coordinator,6-10 years,Blended,64.5,343.0,3,0,74.1,16.0,92.6,4.7,9.5,0
EDA-0447,West Midlands,Operations,Advisor,0-2 years,Blended,83.7,409.0,3,1,78.6,22.0,98.2,4.5,16.7,1
EDA-0448,Scotland,IT,Advisor,6-10 years,Self-paced,57.2,270.0,1,1,63.1,31.0,73.6,4.0,12.6,1
EDA-0449,London,IT,Advisor,6-10 years,Instructor-led,66.6,398.0,5,2,91.2,23.0,88.0,4.1,13.8,1
EDA-0450,South East,Finance,Administrator,6-10 years,Instructor-led,51.3,419.0,4,0,82.7,4.0,94.0,4.6,9.1,1
EDA-0451,Wales,Customer Support,Analyst,3-5 years,Instructor-led,57.0,412.0,5,0,78.2,16.0,96.2,4.8,10.5,1
EDA-0452,Yorkshire,HR,Developer,3-5 years,Self-paced,74.4,299.0,3,1,83.3,4.0,83.4,5.0,14.6,1
EDA-0453,Yorkshire,Operations,Manager,3-5 years,Instructor-led,48.8,480.0,4,1,71.4,17.0,77.9,4.0,16.9,1
EDA-0454,London,IT,Coordinator,6-10 years,Blended,39.0,350.0,3,3,74.8,31.0,64.8,4.1,12.8,1
EDA-0455,Yorkshire,Customer Support,Advisor,10+ years,Blended,27.4,337.0,1,2,62.6,15.0,78.1,4.2,9.5,0
EDA-0456,Wales,Product,Manager,3-5 years,Instructor-led,28.0,255.0,4,0,62.4,33.0,79.9,5.0,11.8,1
EDA-0457,Wales,Product,Coordinator,3-5 years,Self-paced,50.5,390.0,3,3,74.3,30.0,71.1,4.0,8.1,0
EDA-0458,Yorkshire,Customer Support,Administrator,6-10 years,Blended,48.8,528.0,4,2,75.7,14.0,83.6,5.0,12.0,1
EDA-0459,London,HR,Developer,0-2 years,Instructor-led,41.9,376.0,2,3,54.2,22.0,86.3,4.3,12.9,1
EDA-0460,North West,HR,Manager,0-2 years,Instructor-led,73.9,403.0,4,1,93.6,10.0,89.8,5.0,10.7,1
EDA-0461,West Midlands,Finance,Advisor,10+ years,Instructor-led,34.4,355.0,5,3,92.0,11.0,78.3,4.4,11.6,1
EDA-0462,Wales,Sales,Analyst,10+ years,Blended,79.9,520.0,5,0,100.0,8.0,90.7,5.0,15.0,1
EDA-0463,London,HR,Manager,3-5 years,Self-paced,59.6,270.0,1,3,40.6,21.0,62.9,3.8,4.7,0
EDA-0464,South East,HR,Advisor,6-10 years,Instructor-led,41.8,400.0,1,3,66.3,27.0,73.9,4.4,9.0,1
EDA-0465,London,Operations,Manager,6-10 years,Self-paced,39.3,280.0,4,0,82.3,14.0,82.8,5.0,8.3,1
EDA-0466,London,Finance,Coordinator,6-10 years,Instructor-led,37.4,354.0,3,2,69.9,30.0,69.2,4.9,12.0,1
EDA-0467,Yorkshire,IT,Manager,3-5 years,Self-paced,41.0,262.0,2,0,85.4,27.0,77.9,5.0,11.0,1
EDA-0468,Scotland,Product,Manager,3-5 years,Self-paced,62.3,397.0,5,0,94.0,5.0,97.6,5.0,13.3,1
EDA-0469,West Midlands,Customer Support,Administrator,3-5 years,Self-paced,75.3,276.0,3,2,65.0,19.0,90.3,4.1,18.0,1
EDA-0470,West Midlands,Customer Support,Advisor,0-2 years,Blended,68.7,494.0,4,0,69.5,14.0,96.9,4.5,12.7,1
EDA-0471,West Midlands,IT,Administrator,3-5 years,Blended,58.9,313.0,4,0,94.9,9.0,78.0,4.4,10.3,1
EDA-0472,Yorkshire,HR,Coordinator,6-10 years,Self-paced,10.5,165.0,4,2,76.6,10.0,78.5,5.0,9.7,1
EDA-0473,Yorkshire,Operations,Analyst,3-5 years,Self-paced,30.5,284.0,3,1,80.9,14.0,73.5,4.5,12.2,1
EDA-0474,North West,IT,Coordinator,10+ years,Self-paced,80.4,322.0,4,0,73.0,15.0,97.9,5.0,10.0,0
EDA-0475,Wales,Product,Developer,3-5 years,Blended,60.4,379.0,5,3,78.7,12.0,88.2,4.3,8.3,0
EDA-0476,Wales,Operations,Analyst,0-2 years,Self-paced,80.4,232.0,5,0,85.5,22.0,85.4,5.0,16.5,1
EDA-0477,Wales,HR,Advisor,3-5 years,Self-paced,65.2,356.0,4,0,79.4,10.0,89.0,4.2,14.5,1
EDA-0478,Wales,IT,Analyst,3-5 years,Blended,26.7,420.0,4,1,100.0,15.0,80.8,5.0,13.8,1
EDA-0479,Scotland,Sales,Advisor,0-2 years,Self-paced,63.5,317.0,4,0,90.9,11.0,94.5,5.0,11.2,1
EDA-0480,Yorkshire,IT,Advisor,0-2 years,Self-paced,68.9,289.0,3,1,63.7,8.0,97.3,4.8,11.6,1
EDA-0481,North West,Sales,Developer,6-10 years,Self-paced,50.2,209.0,1,1,84.0,20.0,89.2,4.7,10.8,1
EDA-0482,North West,Product,Analyst,6-10 years,Instructor-led,80.0,420.0,2,2,83.5,36.0,82.9,4.6,13.9,1
EDA-0483,North West,HR,Analyst,0-2 years,Instructor-led,61.4,357.0,2,0,84.6,3.0,82.2,5.0,9.2,1
EDA-0484,Scotland,Operations,Coordinator,6-10 years,Instructor-led,59.6,261.0,3,1,72.6,8.0,72.1,4.2,11.3,1
EDA-0485,West Midlands,Customer Support,Developer,3-5 years,Blended,65.1,426.0,4,2,85.5,15.0,75.6,4.5,8.3,1
EDA-0486,Wales,Sales,Manager,10+ years,Self-paced,37.2,269.0,1,0,79.5,5.0,77.9,4.3,12.2,1
EDA-0487,Wales,Sales,Developer,3-5 years,Self-paced,43.0,269.0,5,0,86.7,12.0,80.6,5.0,11.4,1
EDA-0488,Yorkshire,IT,Coordinator,0-2 years,Blended,54.3,307.0,4,0,91.6,10.0,80.3,5.0,13.7,1
EDA-0489,Yorkshire,Product,Analyst,10+ years,Self-paced,66.1,267.0,4,1,87.3,19.0,87.0,4.7,14.5,1
EDA-0490,South East,Customer Support,Advisor,3-5 years,Self-paced,75.0,265.0,3,0,77.7,17.0,90.0,4.2,9.3,1
EDA-0491,London,Operations,Analyst,6-10 years,Blended,66.7,441.0,4,2,87.5,19.0,98.7,4.9,12.4,1
EDA-0492,North West,Customer Support,Developer,0-2 years,Self-paced,36.2,378.0,4,0,83.4,29.0,80.8,3.8,13.4,1
EDA-0493,Yorkshire,Product,Advisor,3-5 years,Instructor-led,35.7,369.0,2,3,63.3,24.0,71.4,4.6,11.7,1
EDA-0494,Wales,Sales,Developer,10+ years,Blended,64.0,390.0,2,2,69.8,16.0,71.8,3.8,11.3,0
EDA-0495,Scotland,IT,Administrator,0-2 years,Self-paced,21.2,257.0,2,2,60.3,16.0,76.3,3.3,9.7,1
EDA-0496,Scotland,HR,Analyst,0-2 years,Blended,47.5,451.0,3,1,87.5,23.0,95.9,4.2,8.5,1
EDA-0497,South East,Customer Support,Coordinator,3-5 years,Self-paced,83.5,287.0,2,2,65.0,20.0,84.2,3.4,8.0,0
EDA-0498,Scotland,Finance,Manager,6-10 years,Self-paced,50.5,229.0,1,1,72.2,26.0,80.7,5.0,8.7,1
EDA-0499,Wales,Sales,Advisor,6-10 years,Instructor-led,21.9,334.0,5,1,100.0,19.0,82.2,5.0,10.2,1
EDA-0500,South East,Product,Manager,3-5 years,Blended,8.9,330.0,3,3,74.9,29.0,60.7,3.6,10.3,1
EDA-0501,South East,HR,Administrator,6-10 years,Blended,46.8,436.0,4,1,79.1,16.0,76.8,4.6,8.8,1
EDA-0502,South East,Operations,Coordinator,10+ years,Instructor-led,69.2,342.0,3,2,100.0,14.0,82.0,5.0,11.7,1
EDA-0503,Wales,Operations,Manager,6-10 years,Instructor-led,63.8,433.0,4,0,97.9,21.0,94.0,5.0,16.2,1
EDA-0504,South East,Finance,Developer,0-2 years,Instructor-led,74.1,402.0,5,0,100.0,3.0,88.9,5.0,10.5,1
EDA-0505,West Midlands,Operations,Coordinator,6-10 years,Self-paced,56.5,285.0,4,2,70.8,24.0,87.3,4.9,11.1,1
EDA-0506,West Midlands,Sales,Coordinator,3-5 years,Blended,33.1,427.0,2,1,81.2,14.0,66.9,3.4,9.9,0
EDA-0507,South East,Operations,Advisor,6-10 years,Self-paced,39.7,261.0,4,1,68.9,36.0,94.0,4.7,14.4,1
EDA-0508,West Midlands,Operations,Manager,3-5 years,Blended,60.2,355.0,3,0,78.7,28.0,84.2,4.7,4.4,0
EDA-0509,Scotland,IT,Coordinator,3-5 years,Self-paced,62.6,255.0,4,0,85.3,13.0,85.2,5.0,11.2,1
EDA-0510,West Midlands,Finance,Coordinator,0-2 years,Self-paced,22.3,243.0,4,1,90.4,12.0,66.9,5.0,9.6,1
EDA-0511,Yorkshire,Product,Advisor,10+ years,Instructor-led,56.6,339.0,4,0,86.8,14.0,81.6,5.0,11.9,1
EDA-0512,London,Operations,Developer,10+ years,Instructor-led,69.0,513.0,2,1,53.6,22.0,83.9,4.3,9.7,0
EDA-0513,Scotland,Finance,Advisor,6-10 years,Blended,39.1,445.0,2,2,76.9,20.0,75.1,4.9,6.4,1
EDA-0514,West Midlands,Finance,Manager,10+ years,Self-paced,31.8,329.0,3,0,58.7,17.0,79.4,3.8,10.4,1
EDA-0515,South East,Operations,Administrator,10+ years,Instructor-led,43.2,384.0,2,1,87.9,23.0,83.3,5.0,13.8,1
EDA-0516,North West,HR,Developer,6-10 years,Instructor-led,60.0,371.0,2,1,67.3,11.0,92.3,4.1,10.2,1
EDA-0517,North West,Finance,Coordinator,10+ years,Blended,25.9,410.0,3,0,91.1,22.0,65.7,5.0,9.2,1
EDA-0518,North West,IT,Manager,6-10 years,Blended,64.7,437.0,2,1,90.8,27.0,100.0,4.0,10.8,1
EDA-0519,Scotland,IT,Coordinator,3-5 years,Blended,69.9,382.0,4,1,100.0,11.0,98.1,5.0,17.9,1
EDA-0520,Scotland,IT,Developer,3-5 years,Self-paced,44.5,297.0,4,1,92.4,9.0,75.6,5.0,17.9,1
EDA-0521,West Midlands,Finance,Analyst,0-2 years,Self-paced,51.3,293.0,2,1,54.9,27.0,73.8,4.6,5.3,1
EDA-0522,West Midlands,Customer Support,Coordinator,3-5 years,Blended,61.0,509.0,3,2,66.6,15.0,86.4,4.1,6.5,0
EDA-0523,Scotland,Finance,Analyst,3-5 years,Self-paced,64.9,324.0,3,2,82.7,9.0,78.4,4.3,10.2,1
EDA-0524,Yorkshire,Customer Support,Coordinator,3-5 years,Self-paced,78.0,354.0,3,1,81.7,25.0,96.0,5.0,14.6,1
EDA-0525,Wales,HR,Manager,3-5 years,Blended,67.8,523.0,4,1,81.4,17.0,90.9,4.5,12.2,1
EDA-0526,Yorkshire,Product,Coordinator,6-10 years,Self-paced,37.6,244.0,4,0,96.7,10.0,81.2,5.0,13.4,1
EDA-0527,Wales,Product,Developer,3-5 years,Instructor-led,50.2,239.0,4,4,85.0,24.0,84.6,4.7,15.8,1
EDA-0528,London,Product,Developer,3-5 years,Blended,67.9,488.0,3,1,71.2,36.0,81.2,3.8,7.1,0
EDA-0529,West Midlands,Customer Support,Administrator,3-5 years,Instructor-led,44.8,399.0,4,2,66.3,22.0,67.8,4.1,8.6,1
EDA-0530,South East,Customer Support,Analyst,3-5 years,Instructor-led,43.7,337.0,3,0,70.5,19.0,90.9,5.0,17.3,1
EDA-0531,Wales,Product,Administrator,3-5 years,Instructor-led,60.7,335.0,4,2,88.6,31.0,86.4,5.0,14.0,1
EDA-0532,South East,Operations,Administrator,6-10 years,Blended,54.3,469.0,5,0,96.0,12.0,91.2,5.0,8.4,1
EDA-0533,Wales,Sales,Developer,6-10 years,Self-paced,25.8,286.0,5,3,81.9,33.0,91.7,4.8,17.5,1
EDA-0534,Wales,HR,Coordinator,6-10 years,Blended,54.3,471.0,3,1,79.8,18.0,82.1,4.0,13.2,1
EDA-0535,North West,Sales,Manager,0-2 years,Self-paced,47.2,319.0,3,2,61.4,14.0,71.2,3.8,15.8,1
EDA-0536,Wales,HR,Analyst,6-10 years,Blended,59.7,424.0,4,4,91.7,40.0,79.5,5.0,9.3,1
EDA-0537,Wales,IT,Advisor,6-10 years,Self-paced,43.5,345.0,3,0,84.6,12.0,91.5,4.9,10.2,1
EDA-0538,London,Sales,Analyst,6-10 years,Blended,33.2,487.0,5,1,91.6,16.0,100.0,5.0,14.1,1
EDA-0539,North West,Product,Manager,6-10 years,Self-paced,72.6,377.0,3,1,82.7,10.0,100.0,4.6,13.8,1
EDA-0540,North West,Operations,Administrator,10+ years,Blended,65.4,489.0,2,2,76.7,20.0,84.4,4.6,13.3,1
EDA-0541,West Midlands,Sales,Advisor,3-5 years,Self-paced,98.0,393.0,4,1,74.4,22.0,94.8,4.7,15.1,1
EDA-0542,London,HR,Administrator,6-10 years,Self-paced,51.0,342.0,5,1,61.1,32.0,65.9,5.0,9.4,1
EDA-0543,North West,Operations,Coordinator,3-5 years,Instructor-led,63.7,272.0,3,0,60.9,11.0,69.9,4.5,12.0,1
EDA-0544,South East,Sales,Advisor,6-10 years,Blended,39.3,363.0,4,0,92.7,19.0,73.2,5.0,16.2,1
EDA-0545,Scotland,Finance,Administrator,3-5 years,Blended,37.0,326.0,4,0,80.6,6.0,76.1,5.0,5.9,0
EDA-0546,Scotland,HR,Coordinator,0-2 years,Self-paced,75.1,303.0,3,2,81.5,21.0,100.0,3.5,13.1,1
EDA-0547,West Midlands,IT,Analyst,10+ years,Self-paced,48.9,339.0,2,0,81.9,8.0,81.1,3.4,8.7,1
EDA-0548,Wales,IT,Analyst,3-5 years,Instructor-led,46.5,478.0,3,2,75.5,21.0,71.1,4.1,9.8,1
EDA-0549,Yorkshire,Customer Support,Manager,6-10 years,Blended,52.7,325.0,4,1,97.8,6.0,89.9,5.0,14.7,1
EDA-0550,Wales,Operations,Analyst,0-2 years,Blended,53.3,402.0,4,1,93.1,26.0,93.0,5.0,11.7,1
EDA-0551,Yorkshire,HR,Developer,3-5 years,Instructor-led,54.4,342.0,5,0,100.0,21.0,100.0,5.0,14.3,1
EDA-0552,Scotland,HR,Manager,10+ years,Instructor-led,87.6,501.0,3,0,77.8,4.0,82.8,5.0,13.7,1
EDA-0553,Wales,Finance,Coordinator,0-2 years,Self-paced,50.6,227.0,1,2,54.0,38.0,77.0,3.2,10.4,0
EDA-0554,Yorkshire,Finance,Advisor,10+ years,Self-paced,56.7,310.0,3,1,75.6,12.0,91.6,3.7,10.9,1
EDA-0555,Wales,Product,Administrator,6-10 years,Instructor-led,29.7,319.0,5,3,81.2,22.0,88.9,5.0,14.2,1
EDA-0556,Yorkshire,Operations,Coordinator,3-5 years,Self-paced,37.2,307.0,3,4,46.4,25.0,68.8,4.3,10.2,1
EDA-0557,London,IT,Coordinator,3-5 years,Self-paced,23.5,357.0,3,3,58.9,22.0,90.1,4.3,14.8,1
EDA-0558,West Midlands,Operations,Developer,10+ years,Self-paced,39.1,133.0,3,0,65.8,13.0,73.8,3.8,13.7,1
EDA-0559,North West,Finance,Developer,6-10 years,Blended,64.7,469.0,2,2,47.4,18.0,63.0,3.9,4.6,0
EDA-0560,Wales,Customer Support,Coordinator,3-5 years,Self-paced,42.4,325.0,4,2,70.3,16.0,82.8,4.5,11.6,1
EDA-0561,Scotland,Sales,Coordinator,3-5 years,Blended,56.3,533.0,4,1,70.3,3.0,94.7,4.7,15.8,1
EDA-0562,London,IT,Developer,0-2 years,Self-paced,35.0,384.0,2,1,69.4,26.0,74.1,4.6,7.9,1
EDA-0563,North West,Product,Manager,3-5 years,Blended,64.6,364.0,3,1,78.9,16.0,84.6,4.4,12.4,1
EDA-0564,London,IT,Analyst,6-10 years,Self-paced,43.1,260.0,3,3,73.1,21.0,70.5,3.4,10.2,1
EDA-0565,Yorkshire,HR,Manager,0-2 years,Instructor-led,69.0,313.0,1,0,74.1,15.0,66.7,4.3,11.5,1
EDA-0566,Yorkshire,Customer Support,Administrator,10+ years,Blended,62.1,302.0,3,0,98.6,23.0,81.7,5.0,12.0,1
EDA-0567,Yorkshire,Operations,Analyst,6-10 years,Blended,72.7,371.0,2,2,73.3,41.0,84.6,4.4,13.8,1
EDA-0568,West Midlands,Customer Support,Manager,3-5 years,Instructor-led,58.7,393.0,3,3,69.7,12.0,76.0,4.4,7.0,1
EDA-0569,South East,Finance,Developer,0-2 years,Self-paced,79.1,282.0,3,0,54.3,24.0,91.9,4.4,10.9,1
EDA-0570,West Midlands,Sales,Manager,6-10 years,Blended,39.8,305.0,5,1,96.5,3.0,79.8,5.0,13.6,1
EDA-0571,Scotland,Product,Coordinator,3-5 years,Self-paced,38.0,428.0,5,0,69.8,11.0,84.0,5.0,10.5,1
EDA-0572,Yorkshire,Customer Support,Analyst,10+ years,Blended,56.2,375.0,3,4,70.1,19.0,69.2,3.6,8.8,1
EDA-0573,Yorkshire,Customer Support,Coordinator,3-5 years,Blended,43.3,369.0,3,3,94.3,37.0,100.0,4.4,16.6,1
EDA-0574,Wales,Operations,Coordinator,0-2 years,Self-paced,63.8,311.0,2,3,57.7,33.0,60.7,4.2,5.8,0
EDA-0575,Yorkshire,Customer Support,Coordinator,3-5 years,Blended,57.6,369.0,5,1,89.1,18.0,85.0,5.0,15.1,1
EDA-0576,West Midlands,Finance,Administrator,10+ years,Instructor-led,69.5,399.0,4,4,72.7,20.0,83.3,4.4,11.0,1
EDA-0577,Scotland,Operations,Manager,6-10 years,Self-paced,65.0,212.0,2,0,77.4,18.0,90.0,4.7,6.7,0
EDA-0578,Wales,Sales,Coordinator,0-2 years,Blended,37.8,416.0,4,1,68.2,24.0,76.8,5.0,6.0,1
EDA-0579,West Midlands,Customer Support,Manager,6-10 years,Blended,44.7,427.0,4,2,88.3,24.0,80.3,4.7,17.1,1
EDA-0580,Yorkshire,IT,Analyst,0-2 years,Blended,61.7,509.0,4,1,75.1,13.0,87.3,5.0,10.5,1
EDA-0581,Scotland,HR,Analyst,10+ years,Blended,28.3,347.0,3,1,76.9,36.0,62.6,4.4,11.7,1
EDA-0582,South East,IT,Analyst,6-10 years,Instructor-led,20.3,245.0,4,3,86.3,14.0,91.4,4.8,12.3,1
EDA-0583,Scotland,Operations,Developer,10+ years,Instructor-led,47.2,379.0,3,1,72.0,24.0,78.3,5.0,9.5,1
EDA-0584,Scotland,Customer Support,Advisor,3-5 years,Self-paced,5.0,177.0,3,4,67.7,19.0,77.2,4.8,11.0,1
EDA-0585,London,Operations,Analyst,3-5 years,Instructor-led,57.2,452.0,4,1,56.2,7.0,65.7,4.5,5.5,0
EDA-0586,Yorkshire,Operations,Analyst,6-10 years,Self-paced,47.7,280.0,5,2,90.4,19.0,71.7,5.0,9.7,1
EDA-0587,London,Operations,Administrator,6-10 years,Instructor-led,68.9,170.0,4,4,60.7,22.0,71.1,4.8,12.5,1
EDA-0588,Wales,Sales,Advisor,6-10 years,Instructor-led,49.2,277.0,3,1,97.5,12.0,100.0,4.6,8.5,1
EDA-0589,South East,HR,Advisor,3-5 years,Instructor-led,56.3,493.0,2,1,76.3,17.0,69.9,4.9,5.8,0
EDA-0590,Wales,Finance,Analyst,10+ years,Blended,45.0,477.0,4,2,78.0,20.0,75.7,4.9,10.4,1
EDA-0591,South East,IT,Analyst,6-10 years,Blended,47.3,418.0,4,2,90.3,24.0,73.0,5.0,13.3,1
EDA-0592,West Midlands,Finance,Coordinator,6-10 years,Self-paced,65.5,209.0,5,0,81.8,18.0,90.5,5.0,8.1,1
EDA-0593,Wales,Sales,Coordinator,3-5 years,Blended,78.7,420.0,5,0,86.9,20.0,80.6,5.0,9.2,1
EDA-0594,Scotland,Operations,Analyst,3-5 years,Self-paced,34.7,342.0,2,1,65.4,24.0,74.4,4.0,0.8,0
EDA-0595,South East,Customer Support,Developer,3-5 years,Self-paced,52.0,405.0,3,3,79.4,34.0,65.2,4.0,7.6,1
EDA-0596,Wales,Sales,Developer,6-10 years,Blended,34.0,374.0,4,1,83.4,23.0,74.0,4.6,15.9,1
EDA-0597,West Midlands,Operations,Advisor,10+ years,Blended,90.7,498.0,3,0,82.4,29.0,95.2,5.0,11.2,1
EDA-0598,North West,Operations,Analyst,0-2 years,Blended,41.4,439.0,4,0,69.3,20.0,86.0,4.3,6.5,0
EDA-0599,South East,Sales,Developer,3-5 years,Self-paced,32.5,295.0,3,1,82.5,22.0,85.5,4.5,11.2,1
EDA-0600,London,Operations,Coordinator,10+ years,Instructor-led,59.2,291.0,3,1,65.3,24.0,87.9,4.9,9.7,1
EDA-0601,London,IT,Analyst,6-10 years,Self-paced,65.8,296.0,3,0,69.8,14.0,74.3,4.8,10.3,1
EDA-0602,West Midlands,Operations,Administrator,3-5 years,Self-paced,54.5,381.0,3,3,65.4,20.0,92.2,4.2,12.0,1
EDA-0603,North West,HR,Analyst,6-10 years,Blended,57.9,458.0,3,0,85.7,10.0,87.4,4.3,10.0,1
EDA-0604,Wales,Sales,Analyst,6-10 years,Blended,74.3,435.0,4,0,86.8,22.0,99.7,4.5,10.4,1
EDA-0605,Wales,Sales,Manager,6-10 years,Blended,57.0,410.0,5,1,100.0,18.0,77.6,5.0,12.4,1
EDA-0606,Scotland,Sales,Administrator,0-2 years,Self-paced,63.5,244.0,4,1,67.9,14.0,73.3,3.7,17.0,1
EDA-0607,Scotland,IT,Developer,6-10 years,Self-paced,55.9,285.0,3,0,79.6,17.0,100.0,5.0,10.2,1
EDA-0608,North West,HR,Coordinator,3-5 years,Self-paced,40.9,264.0,4,1,61.6,14.0,66.5,4.4,15.7,1
EDA-0609,North West,HR,Developer,3-5 years,Blended,89.4,546.0,4,0,94.7,9.0,100.0,5.0,12.8,1
EDA-0610,South East,HR,Administrator,10+ years,Instructor-led,61.8,421.0,3,1,80.6,9.0,70.5,5.0,11.0,1
EDA-0611,London,Operations,Administrator,3-5 years,Self-paced,68.8,338.0,5,2,87.5,8.0,100.0,5.0,10.2,1
EDA-0612,London,Product,Coordinator,6-10 years,Blended,31.7,420.0,5,2,70.6,22.0,78.8,5.0,12.9,1
EDA-0613,Scotland,HR,Developer,6-10 years,Instructor-led,89.9,307.0,3,0,76.2,22.0,83.7,4.9,13.6,1
EDA-0614,London,Operations,Administrator,0-2 years,Blended,37.7,442.0,3,3,66.3,22.0,64.6,4.6,9.6,1
EDA-0615,Scotland,Product,Manager,3-5 years,Self-paced,58.7,322.0,1,0,58.9,22.0,74.9,3.7,9.6,0
EDA-0616,South East,Operations,Administrator,0-2 years,Blended,39.6,381.0,3,2,82.7,20.0,81.1,5.0,10.5,1
EDA-0617,London,Sales,Analyst,3-5 years,Instructor-led,62.4,424.0,4,0,91.8,9.0,77.2,5.0,12.8,1
EDA-0618,Wales,Finance,Administrator,10+ years,Self-paced,45.2,298.0,3,1,60.3,12.0,84.8,4.3,7.6,1
EDA-0619,Wales,Finance,Advisor,6-10 years,Blended,40.6,342.0,4,0,88.0,16.0,81.2,5.0,10.9,1
EDA-0620,West Midlands,Customer Support,Manager,10+ years,Instructor-led,62.1,452.0,1,0,77.5,26.0,75.9,5.0,9.3,1
EDA-0621,London,Finance,Manager,3-5 years,Instructor-led,49.5,383.0,3,1,72.9,13.0,91.3,4.3,15.1,1
EDA-0622,West Midlands,Operations,Advisor,6-10 years,Blended,67.1,452.0,2,1,81.8,23.0,78.0,4.3,7.5,0
EDA-0623,Wales,Sales,Administrator,0-2 years,Self-paced,32.4,231.0,3,4,68.9,34.0,66.3,4.6,11.3,1
EDA-0624,South East,Product,Coordinator,3-5 years,Blended,73.4,323.0,2,2,66.9,15.0,60.7,4.4,8.2,1
EDA-0625,South East,Sales,Administrator,6-10 years,Self-paced,53.4,382.0,4,4,72.0,32.0,94.3,3.4,13.8,1
EDA-0626,Scotland,Sales,Analyst,0-2 years,Blended,32.2,360.0,4,0,100.0,13.0,77.5,5.0,12.7,1
EDA-0627,West Midlands,IT,Developer,3-5 years,Instructor-led,74.5,381.0,2,0,58.4,20.0,100.0,4.1,13.9,1
EDA-0628,Scotland,HR,Advisor,0-2 years,Instructor-led,81.9,359.0,1,0,56.0,6.0,98.2,4.5,12.4,1
EDA-0629,Wales,Operations,Coordinator,10+ years,Self-paced,46.9,365.0,5,1,91.9,5.0,84.6,4.7,10.1,1
EDA-0630,South East,Sales,Administrator,0-2 years,Blended,82.8,465.0,4,0,74.5,19.0,91.7,5.0,9.9,1
EDA-0631,West Midlands,Customer Support,Administrator,3-5 years,Blended,85.2,494.0,4,1,74.2,13.0,95.7,5.0,15.3,1
EDA-0632,London,Customer Support,Administrator,3-5 years,Blended,60.9,506.0,2,1,100.0,27.0,89.8,4.4,14.9,1
EDA-0633,South East,IT,Analyst,10+ years,Self-paced,58.8,347.0,5,0,90.8,15.0,65.6,4.8,11.2,1
EDA-0634,North West,Sales,Developer,0-2 years,Self-paced,34.9,385.0,4,2,72.9,32.0,82.4,4.8,13.0,1
EDA-0635,Scotland,Sales,Advisor,3-5 years,Instructor-led,61.3,326.0,4,1,89.7,17.0,93.6,4.7,13.0,1
EDA-0636,Wales,Customer Support,Developer,10+ years,Blended,19.3,464.0,1,2,62.8,26.0,37.3,3.3,3.4,1
EDA-0637,North West,Sales,Developer,6-10 years,Blended,69.9,493.0,3,0,89.0,17.0,89.0,5.0,11.7,1
EDA-0638,North West,Product,Advisor,6-10 years,Blended,48.0,471.0,4,0,72.5,15.0,78.7,5.0,8.8,0
EDA-0639,Wales,Customer Support,Advisor,10+ years,Self-paced,79.4,251.0,1,4,70.4,27.0,77.8,4.2,12.4,1
EDA-0640,Yorkshire,HR,Manager,0-2 years,Self-paced,34.2,214.0,2,0,76.2,23.0,80.5,4.8,9.5,1
EDA-0641,Yorkshire,Finance,Advisor,0-2 years,Blended,76.4,519.0,3,0,88.0,21.0,95.6,3.9,12.3,1
EDA-0642,Yorkshire,Operations,Analyst,10+ years,Blended,30.1,409.0,3,3,77.9,27.0,75.1,4.7,14.3,1
EDA-0643,Yorkshire,Product,Coordinator,6-10 years,Blended,66.9,464.0,3,0,67.8,20.0,99.4,4.8,12.9,1
EDA-0644,Wales,IT,Coordinator,10+ years,Blended,22.4,375.0,3,0,79.8,22.0,70.5,4.7,10.6,1
EDA-0645,West Midlands,Customer Support,Administrator,3-5 years,Self-paced,58.5,319.0,3,1,92.7,17.0,78.7,5.0,11.5,1
EDA-0646,North West,Customer Support,Coordinator,3-5 years,Instructor-led,31.8,378.0,2,1,66.0,17.0,85.1,3.5,4.7,0
EDA-0647,Yorkshire,Customer Support,Analyst,10+ years,Blended,60.8,415.0,1,2,54.8,16.0,63.3,4.9,6.9,0
EDA-0648,West Midlands,Finance,Coordinator,6-10 years,Instructor-led,66.9,438.0,2,2,82.1,26.0,76.3,4.9,11.6,1
EDA-0649,South East,Finance,Developer,3-5 years,Self-paced,66.8,427.0,3,2,73.7,19.0,86.8,4.1,8.8,1
EDA-0650,South East,Customer Support,Administrator,0-2 years,Self-paced,49.9,276.0,2,2,70.1,16.0,96.0,4.5,11.7,1
EDA-0651,Wales,IT,Advisor,6-10 years,Self-paced,38.1,311.0,4,0,77.5,21.0,85.6,5.0,4.8,1
EDA-0652,South East,Operations,Administrator,3-5 years,Instructor-led,59.3,355.0,5,0,76.5,10.0,86.2,4.9,15.0,1
EDA-0653,North West,Finance,Administrator,0-2 years,Blended,64.1,524.0,4,1,70.0,13.0,80.3,5.0,9.9,0
EDA-0654,West Midlands,Product,Manager,3-5 years,Blended,51.2,405.0,4,1,95.9,15.0,75.3,5.0,14.9,1
EDA-0655,Wales,Finance,Developer,3-5 years,Instructor-led,28.6,405.0,5,1,92.5,10.0,79.1,4.4,12.1,1
EDA-0656,North West,Sales,Developer,6-10 years,Blended,62.4,490.0,4,0,87.7,14.0,91.2,5.0,14.8,1
EDA-0657,London,IT,Administrator,3-5 years,Instructor-led,70.1,343.0,3,1,78.0,12.0,100.0,5.0,8.2,1
EDA-0658,Wales,Sales,Manager,6-10 years,Blended,45.1,392.0,3,1,91.5,17.0,76.6,5.0,12.2,1
EDA-0659,Yorkshire,IT,Analyst,3-5 years,Blended,45.7,455.0,3,1,64.5,29.0,75.3,3.5,11.6,1
EDA-0660,London,HR,Developer,0-2 years,Blended,35.9,419.0,2,1,64.5,33.0,66.9,4.4,7.6,1
EDA-0661,Scotland,HR,Analyst,3-5 years,Instructor-led,89.9,518.0,2,0,59.2,4.0,86.4,5.0,6.4,0
EDA-0662,South East,Sales,Analyst,0-2 years,Instructor-led,26.7,243.0,5,1,79.9,6.0,90.7,5.0,13.3,1
EDA-0663,London,Operations,Administrator,0-2 years,Self-paced,73.1,347.0,3,2,79.2,16.0,90.3,5.0,15.6,1
EDA-0664,Yorkshire,Operations,Analyst,0-2 years,Self-paced,62.1,332.0,3,0,73.6,26.0,72.9,5.0,11.8,1
EDA-0665,Yorkshire,Customer Support,Manager,3-5 years,Self-paced,69.9,224.0,1,0,68.3,27.0,88.8,4.5,11.6,1
EDA-0666,Yorkshire,Finance,Advisor,3-5 years,Instructor-led,82.2,328.0,2,0,57.0,23.0,69.3,4.2,6.8,0
EDA-0667,London,Customer Support,Administrator,6-10 years,Self-paced,62.0,251.0,5,2,91.3,16.0,98.2,5.0,12.1,1
EDA-0668,Wales,Sales,Advisor,3-5 years,Blended,53.3,460.0,4,1,81.4,22.0,74.5,5.0,7.2,0
EDA-0669,Wales,Sales,Developer,3-5 years,Blended,68.7,418.0,2,0,68.0,26.0,84.8,3.8,11.2,1
EDA-0670,South East,HR,Manager,0-2 years,Self-paced,82.4,367.0,4,1,91.6,18.0,100.0,5.0,12.5,1
EDA-0671,South East,IT,Administrator,3-5 years,Self-paced,65.9,319.0,4,1,80.0,9.0,84.0,5.0,14.7,1
EDA-0672,North West,Product,Advisor,10+ years,Self-paced,36.5,189.0,2,0,50.6,5.0,80.3,4.3,9.4,1
EDA-0673,West Midlands,Sales,Manager,0-2 years,Blended,83.4,425.0,2,0,75.3,18.0,89.6,4.8,11.8,1
EDA-0674,West Midlands,IT,Manager,6-10 years,Instructor-led,60.3,376.0,2,0,69.8,33.0,94.4,3.6,10.3,1
EDA-0675,Wales,Operations,Advisor,0-2 years,Blended,68.8,484.0,1,0,72.9,29.0,76.9,4.1,14.3,1
EDA-0676,North West,Product,Developer,10+ years,Self-paced,42.0,391.0,4,2,77.1,31.0,75.5,5.0,11.9,1
EDA-0677,Yorkshire,HR,Coordinator,3-5 years,Blended,60.9,482.0,3,4,70.8,28.0,66.6,4.0,9.5,1
EDA-0678,Scotland,Sales,Developer,3-5 years,Instructor-led,59.7,456.0,4,2,76.9,13.0,92.9,5.0,9.9,1
EDA-0679,Wales,IT,Administrator,6-10 years,Self-paced,72.6,275.0,3,2,88.1,16.0,80.5,4.9,13.4,1
EDA-0680,Wales,Finance,Advisor,3-5 years,Self-paced,58.0,342.0,2,4,59.9,29.0,81.3,3.6,12.8,1
EDA-0681,London,IT,Coordinator,3-5 years,Instructor-led,77.7,308.0,1,4,52.9,36.0,87.4,3.7,13.7,1
EDA-0682,Wales,IT,Analyst,0-2 years,Blended,62.3,517.0,5,0,100.0,22.0,81.4,5.0,15.5,1
EDA-0683,South East,Sales,Analyst,0-2 years,Self-paced,50.0,271.0,3,1,71.2,20.0,79.5,4.0,10.6,1
EDA-0684,Scotland,Product,Manager,6-10 years,Blended,52.0,353.0,3,3,76.7,22.0,70.6,4.7,9.1,0
EDA-0685,South East,IT,Developer,0-2 years,Self-paced,28.8,301.0,4,1,77.8,29.0,84.9,4.6,16.1,1
EDA-0686,Yorkshire,Sales,Advisor,0-2 years,Instructor-led,57.1,353.0,2,1,86.3,16.0,78.2,4.4,13.3,1
EDA-0687,Wales,Customer Support,Coordinator,0-2 years,Blended,56.8,402.0,4,3,76.4,28.0,83.9,3.9,14.1,1
EDA-0688,South East,Operations,Analyst,0-2 years,Instructor-led,40.9,349.0,5,1,100.0,7.0,88.3,5.0,8.8,1
EDA-0689,Yorkshire,Finance,Developer,0-2 years,Blended,61.4,413.0,3,1,89.3,14.0,93.8,5.0,12.0,1
EDA-0690,North West,Product,Analyst,10+ years,Self-paced,73.2,302.0,4,0,89.8,13.0,97.0,5.0,11.3,1
EDA-0691,Wales,Sales,Developer,0-2 years,Instructor-led,62.0,487.0,3,0,52.5,15.0,82.7,5.0,4.5,0
EDA-0692,Yorkshire,Sales,Manager,6-10 years,Self-paced,59.4,405.0,1,4,55.5,30.0,63.1,4.1,6.3,0
EDA-0693,West Midlands,Customer Support,Administrator,3-5 years,Instructor-led,55.8,357.0,2,0,69.5,14.0,80.3,4.4,15.7,1
EDA-0694,Wales,Product,Coordinator,10+ years,Self-paced,70.3,388.0,2,1,67.0,24.0,95.5,4.0,12.4,1
EDA-0695,Wales,Operations,Developer,6-10 years,Instructor-led,71.2,537.0,3,0,63.7,18.0,86.8,4.4,9.6,1
EDA-0696,London,Finance,Coordinator,3-5 years,Blended,84.3,481.0,3,0,89.3,17.0,94.4,4.5,14.5,1
EDA-0697,Wales,Product,Manager,6-10 years,Instructor-led,66.4,438.0,3,1,73.8,19.0,100.0,4.2,11.4,1
EDA-0698,North West,Operations,Administrator,6-10 years,Blended,49.3,440.0,4,0,89.2,30.0,83.4,5.0,10.8,1
EDA-0699,Yorkshire,Customer Support,Coordinator,3-5 years,Instructor-led,36.6,332.0,3,2,87.8,8.0,81.7,5.0,8.5,1
EDA-0700,West Midlands,Product,Analyst,6-10 years,Blended,31.3,394.0,3,0,76.6,21.0,74.0,3.5,14.1,1
EDA-0701,Wales,Sales,Analyst,0-2 years,Blended,68.7,430.0,5,0,100.0,7.0,98.8,5.0,15.1,1
EDA-0702,London,Customer Support,Manager,3-5 years,Instructor-led,30.9,304.0,3,0,81.6,25.0,77.2,3.7,10.9,1
EDA-0703,West Midlands,Customer Support,Analyst,10+ years,Instructor-led,51.3,353.0,3,3,70.1,20.0,77.1,4.4,11.8,1
EDA-0704,West Midlands,Sales,Coordinator,10+ years,Instructor-led,80.8,322.0,3,1,84.1,21.0,100.0,4.2,13.3,1
EDA-0705,Yorkshire,Product,Administrator,10+ years,Self-paced,62.5,392.0,5,1,98.1,25.0,100.0,5.0,15.5,1
EDA-0706,Wales,Customer Support,Advisor,0-2 years,Blended,50.4,228.0,5,0,92.1,6.0,80.0,5.0,4.6,0
EDA-0707,London,Product,Developer,0-2 years,Blended,57.1,425.0,4,1,85.7,17.0,94.9,5.0,12.5,1
EDA-0708,Yorkshire,IT,Manager,0-2 years,Instructor-led,50.3,429.0,3,1,82.2,17.0,83.5,4.3,12.5,1
EDA-0709,South East,Operations,Administrator,3-5 years,Blended,62.3,295.0,2,2,90.3,21.0,94.3,3.9,9.5,1
EDA-0710,London,Sales,Analyst,10+ years,Self-paced,60.7,305.0,3,0,71.4,18.0,86.9,4.7,11.2,1
EDA-0711,Yorkshire,Product,Manager,3-5 years,Instructor-led,5.0,269.0,2,3,70.8,24.0,69.5,4.4,9.7,0
EDA-0712,Yorkshire,Operations,Coordinator,6-10 years,Self-paced,26.4,111.0,3,1,85.4,25.0,79.1,5.0,9.2,1
EDA-0713,London,HR,Advisor,0-2 years,Instructor-led,88.6,392.0,4,0,65.5,18.0,78.3,4.9,3.5,0
EDA-0714,West Midlands,Finance,Advisor,6-10 years,Blended,51.5,403.0,2,0,78.5,19.0,80.9,4.0,13.7,1
EDA-0715,West Midlands,Sales,Developer,3-5 years,Blended,47.8,372.0,3,1,86.3,14.0,73.1,4.4,11.4,1
EDA-0716,London,IT,Coordinator,3-5 years,Blended,36.3,473.0,3,0,68.3,7.0,69.5,4.3,12.0,1
EDA-0717,West Midlands,Sales,Manager,3-5 years,Self-paced,65.1,355.0,2,1,76.7,35.0,88.3,4.7,8.8,1
EDA-0718,Yorkshire,Product,Administrator,0-2 years,Blended,80.5,420.0,5,0,100.0,24.0,100.0,5.0,4.3,0
EDA-0719,Scotland,Customer Support,Analyst,10+ years,Self-paced,36.1,395.0,1,1,57.8,18.0,64.4,4.0,10.4,1
EDA-0720,Yorkshire,IT,Advisor,0-2 years,Self-paced,36.0,274.0,5,0,80.7,11.0,80.9,5.0,14.5,1
